,fold,NON,Hugin,SIIC,NOPar,NOO,NOS,NOC,HuginCost,SIICCost,complexity,difference
0,0,5,66,4,2,0,2,0,24,24,20,62
1,1,5,13,4,2,0,2,0,28,28,20,9
2,2,5,9,3,2,0,2,0,32,32,20,6
3,3,5,11,2,2,0,2,0,24,24,20,9
4,4,5,9,2,2,0,2,0,32,32,20,7
5,0,5,15,11,2,1,2,1,160,176,40,4
6,1,5,14,9,2,1,2,1,104,96,40,5
7,2,5,15,8,2,1,2,1,104,136,40,7
8,3,5,13,11,2,1,2,1,96,104,40,2
9,4,5,14,9,2,1,2,1,112,120,40,5
10,0,5,14,11,2,2,2,1,384,1680,60,3
11,1,5,13,12,2,2,2,1,152,616,60,1
12,2,5,14,10,2,2,2,1,176,200,60,4
13,3,5,14,10,2,2,2,1,200,384,60,4
14,4,5,14,11,2,2,2,1,160,192,60,3
15,0,5,21,14,2,3,2,1,296,432,80,7
16,1,5,20,20,2,3,2,1,224,1832,80,0
17,2,5,19,11,2,3,2,1,408,496,80,8
18,3,5,14,15,2,3,2,1,400,2816,80,-1
19,4,5,19,11,2,3,2,1,416,2432,80,8
20,0,5,23,18,2,1,2,2,272,1264,60,5
21,1,5,17,14,2,1,2,2,184,192,60,3
22,2,5,19,12,2,1,2,2,304,720,60,7
23,3,5,21,10,2,1,2,2,320,336,60,11
24,4,5,18,12,2,1,2,2,216,336,60,6
25,0,5,18,12,2,2,2,2,360,640,100,6
26,1,5,18,16,2,2,2,2,368,944,100,2
27,2,5,20,14,2,2,2,2,560,3456,100,6
28,3,5,18,13,2,2,2,2,608,1056,100,5
29,4,5,20,13,2,2,2,2,368,528,100,7
30,0,5,18,14,2,3,2,2,1552,19104,140,4
31,1,5,18,16,2,3,2,2,1008,12896,140,2
32,2,5,19,15,2,3,2,2,904,10984,140,4
33,4,5,17,22,2,3,2,2,744,2232,140,-5
34,0,5,23,13,2,1,2,3,368,1408,80,10
35,1,5,23,15,2,1,2,3,392,1256,80,8
36,2,5,22,14,2,1,2,3,312,512,80,8
37,3,5,22,17,2,1,2,3,376,8960,80,5
38,4,5,24,17,2,1,2,3,368,984,80,7
39,0,5,49,24,2,2,2,3,1856,131584,140,25
40,1,5,47,23,2,2,2,3,1632,57744,140,24
41,2,5,32,21,2,2,2,3,688,4488,140,11
42,3,5,27,17,2,2,2,3,1760,31232,140,10
43,4,5,22,12,2,2,2,3,1472,238000,140,10
44,0,5,23,16,2,3,2,3,3488,235912,200,7
45,1,5,22,18,2,3,2,3,5480,129528,200,4
46,2,5,22,18,2,3,2,3,1992,109032,200,4
47,3,5,23,19,2,3,2,3,2136,590424,200,4
48,4,5,22,20,2,3,2,3,4736,53704,200,2
49,0,5,8,2,3,0,2,0,32,32,40,6
50,1,5,9,2,3,0,2,0,32,32,40,7
51,2,5,7,2,3,0,2,0,20,20,40,5
52,3,5,7,3,3,0,2,0,32,32,40,4
53,4,5,10,2,3,0,2,0,24,24,40,8
54,0,5,14,7,3,1,2,1,112,288,80,7
55,1,5,14,5,3,1,2,1,112,104,80,9
56,2,5,13,7,3,1,2,1,152,200,80,6
57,3,5,15,8,3,1,2,1,176,272,80,7
58,4,5,13,8,3,1,2,1,120,144,80,5
59,0,5,14,8,3,2,2,1,140,164,120,6
60,1,5,13,9,3,2,2,1,208,272,120,4
61,2,5,14,10,3,2,2,1,400,400,120,4
62,3,5,15,8,3,2,2,1,144,184,120,7
63,4,5,13,9,3,2,2,1,232,320,120,4
64,0,5,14,8,3,3,2,1,528,976,160,6
65,1,5,14,12,3,3,2,1,552,1440,160,2
66,2,5,18,10,3,3,2,1,296,552,160,8
67,3,5,14,9,3,3,2,1,264,360,160,5
68,4,5,13,7,3,3,2,1,592,2112,160,6
69,0,5,19,13,3,1,2,2,200,672,120,6
70,1,5,19,13,3,1,2,2,224,344,120,6
71,2,5,18,10,3,1,2,2,216,408,120,8
72,3,5,20,11,3,1,2,2,288,416,120,9
73,4,5,18,12,3,1,2,2,208,464,120,6
74,0,5,19,15,3,2,2,2,656,5584,200,4
75,1,5,18,13,3,2,2,2,512,1024,200,5
76,2,5,18,12,3,2,2,2,720,1632,200,6
77,3,5,19,11,3,2,2,2,384,496,200,8
78,4,5,17,12,3,2,2,2,320,24832,200,5
79,1,5,21,14,3,3,2,2,1600,6272,280,7
80,2,5,19,11,3,3,2,2,5168,203280,280,8
81,3,5,18,12,3,3,2,2,2640,167520,280,6
82,4,5,18,14,3,3,2,2,1312,8040,280,4
83,0,5,22,14,3,1,2,3,312,520,160,8
84,1,5,23,11,3,1,2,3,424,1168,160,12
85,2,5,24,14,3,1,2,3,488,1272,160,10
86,3,5,22,14,3,1,2,3,384,768,160,8
87,4,5,23,17,3,1,2,3,440,1360,160,6
88,0,5,25,12,3,2,2,3,2192,110928,280,13
89,1,5,24,15,3,2,2,3,992,3280,280,9
90,3,5,24,16,3,2,2,3,1248,14592,280,8
91,4,5,25,17,3,2,2,3,880,9856,280,8
92,0,5,24,15,3,3,2,3,2168,305632,400,9
93,1,5,23,16,3,3,2,3,3888,1278464,400,7
94,2,5,23,18,3,3,2,3,3208,156032,400,5
95,3,5,23,16,3,3,2,3,13552,459808,400,7
96,4,5,24,24,3,3,2,3,2784,28552,400,0
97,0,5,10,2,5,0,2,0,32,32,160,8
98,1,5,6,2,5,0,2,0,24,24,160,4
99,2,5,8,2,5,0,2,0,16,16,160,6
100,3,5,8,2,5,0,2,0,20,20,160,6
101,4,5,7,2,5,0,2,0,28,28,160,5
102,0,5,13,8,5,1,2,1,192,176,320,5
103,1,5,12,9,5,1,2,1,144,160,320,3
104,2,5,14,8,5,1,2,1,128,168,320,6
105,3,5,13,9,5,1,2,1,176,192,320,4
106,4,5,13,5,5,1,2,1,112,304,320,8
107,0,5,14,9,5,2,2,1,184,720,480,5
108,1,5,13,8,5,2,2,1,336,448,480,5
109,2,5,13,8,5,2,2,1,208,240,480,5
110,3,5,14,5,5,2,2,1,144,152,480,9
111,4,5,17,7,5,2,2,1,168,488,480,10
112,0,5,14,9,5,3,2,1,624,4416,640,5
113,1,5,14,9,5,3,2,1,416,640,640,5
114,2,5,13,6,5,3,2,1,400,416,640,7
115,3,5,14,10,5,3,2,1,688,1056,640,4
116,4,5,13,6,5,3,2,1,528,592,640,7
117,0,5,17,10,5,1,2,2,200,216,480,7
118,1,5,19,11,5,1,2,2,216,440,480,8
119,2,5,17,11,5,1,2,2,224,280,480,6
120,3,5,18,7,5,1,2,2,168,168,480,11
121,4,5,18,10,5,1,2,2,240,352,480,8
122,0,5,17,9,5,2,2,2,704,2112,800,8
123,1,5,17,11,5,2,2,2,496,2336,800,6
124,2,5,22,12,5,2,2,2,624,2528,800,10
125,3,5,18,10,5,2,2,2,640,1728,800,8
126,4,5,19,8,5,2,2,2,384,432,800,11
127,0,5,19,17,5,3,2,2,1984,29568,1120,2
128,1,5,18,14,5,3,2,2,2624,664336,1120,4
129,2,5,18,10,5,3,2,2,2256,119488,1120,8
130,3,5,17,11,5,3,2,2,640,7440,1120,6
131,4,5,17,9,5,3,2,2,2304,27584,1120,8
132,0,5,22,10,5,1,2,3,696,2184,640,12
133,1,5,21,15,5,1,2,3,416,768,640,6
134,2,5,23,13,5,1,2,3,304,1088,640,10
135,3,5,26,13,5,1,2,3,280,416,640,13
136,4,5,23,10,5,1,2,3,320,2296,640,13
137,0,5,22,12,5,2,2,3,704,1536,1120,10
138,1,5,22,12,5,2,2,3,896,2400,1120,10
139,2,5,23,13,5,2,2,3,2784,10336,1120,10
140,3,5,22,15,5,2,2,3,1088,3488,1120,7
141,4,5,23,11,5,2,2,3,672,7528,1120,12
142,0,5,25,19,5,3,2,3,1816,25552,1600,6
143,1,5,25,15,5,3,2,3,2008,642488,1600,10
144,2,5,23,19,5,3,2,3,10136,331216,1600,4
145,3,5,23,18,5,3,2,3,2184,25464,1600,5
146,4,5,25,17,5,3,2,3,2464,591264,1600,8
147,0,5,9,2,2,0,3,0,108,108,90,7
148,1,5,9,2,2,0,3,0,108,108,90,7
149,2,5,10,2,2,0,3,0,90,90,90,8
150,3,5,9,2,2,0,3,0,90,90,90,7
151,4,5,6,2,2,0,3,0,108,108,90,4
152,0,5,15,8,2,1,3,1,324,378,180,7
153,1,5,14,6,2,1,3,1,486,540,180,8
154,2,5,13,9,2,1,3,1,648,810,180,4
155,3,5,14,8,2,1,3,1,324,918,180,6
156,4,5,16,9,2,1,3,1,360,360,180,7
157,0,5,14,8,2,2,3,1,3888,14580,270,6
158,1,5,13,9,2,2,3,1,594,702,270,4
159,2,5,14,8,2,2,3,1,3240,8100,270,6
160,3,5,14,9,2,2,3,1,2430,178848,270,5
161,4,5,14,6,2,2,3,1,702,756,270,8
162,0,5,13,6,2,3,3,1,756,1998,360,7
163,1,5,13,9,2,3,3,1,1242,4158,360,4
164,2,5,12,7,2,3,3,1,810,972,360,5
165,3,5,13,8,2,3,3,1,4860,4050,360,5
166,4,5,15,9,2,3,3,1,1944,29160,360,6
167,0,5,17,11,2,1,3,2,1188,9504,270,6
168,1,5,17,12,2,1,3,2,1296,7506,270,5
169,2,5,21,9,2,1,3,2,756,1566,270,12
170,3,5,16,9,2,1,3,2,1188,3240,270,7
171,4,5,16,12,2,1,3,2,1080,2754,270,4
172,0,5,18,10,2,2,3,2,4266,38826,450,8
173,1,5,18,10,2,2,3,2,3402,28998,450,8
174,2,5,17,13,2,2,3,2,2592,1064988,450,4
175,3,5,17,12,2,2,3,2,2214,13230,450,5
176,4,5,18,12,2,2,3,2,3672,119826,450,6
177,0,5,18,14,2,3,3,2,6318,1359504,630,4
178,1,5,18,14,2,3,3,2,9396,1282392,630,4
179,2,5,20,18,2,3,3,2,325620,-1539971806,630,2
180,3,5,19,14,2,3,3,2,19926,10099296,630,5
181,4,5,19,13,2,3,3,2,14256,10100214,630,6
182,0,5,23,18,2,1,3,3,6426,67878,360,5
183,1,5,22,13,2,1,3,3,1620,11880,360,9
184,2,5,22,16,2,1,3,3,1566,3942,360,6
185,3,5,24,15,2,1,3,3,1242,10044,360,9
186,4,5,23,18,2,1,3,3,1836,24030,360,5
187,0,5,22,11,2,2,3,3,6912,3196800,630,11
188,1,5,23,17,2,2,3,3,12744,324108,630,6
189,2,5,25,18,2,2,3,3,3942,14364,630,7
190,3,5,26,16,2,2,3,3,5184,421686,630,10
191,4,5,23,14,2,2,3,3,5508,913464,630,9
192,0,5,27,34,2,3,3,3,93798,709048792,900,-7
193,1,5,25,19,2,3,3,3,173502,-1579122994,900,6
194,2,5,28,53,2,3,3,3,611874,860956074,900,-25
195,3,5,22,18,2,3,3,3,31104,1595872012,900,4
196,4,5,23,20,2,3,3,3,22518,38326986,900,3
197,0,5,6,2,3,0,3,0,108,108,270,4
198,1,5,6,2,3,0,3,0,90,90,270,4
199,2,5,7,2,3,0,3,0,108,108,270,5
200,3,5,9,2,3,0,3,0,108,108,270,7
201,4,5,6,3,3,0,3,0,108,108,270,3
202,0,5,17,8,3,1,3,1,648,1188,540,9
203,1,5,13,8,3,1,3,1,810,810,540,5
204,2,5,13,5,3,1,3,1,594,810,540,8
205,3,5,13,7,3,1,3,1,810,1458,540,6
206,4,5,13,9,3,1,3,1,324,594,540,4
207,0,5,14,7,3,2,3,1,1296,1620,810,7
208,1,5,13,9,3,2,3,1,1296,1458,810,4
209,2,5,13,6,3,2,3,1,2106,9396,810,7
210,3,5,13,9,3,2,3,1,1080,1350,810,4
211,4,5,13,8,3,2,3,1,1242,2538,810,5
212,0,5,14,8,3,3,3,1,1134,4482,1080,6
213,1,5,14,6,3,3,3,1,2430,9558,1080,8
214,2,5,12,8,3,3,3,1,1566,5454,1080,4
215,3,5,13,6,3,3,3,1,1620,2268,1080,7
216,4,5,14,9,3,3,3,1,1242,1728,1080,5
217,0,5,22,12,3,1,3,2,1458,4698,810,10
218,1,5,19,12,3,1,3,2,540,1296,810,7
219,2,5,18,10,3,1,3,2,1404,2700,810,8
220,3,5,19,14,3,1,3,2,972,28350,810,5
221,4,5,23,14,3,1,3,2,2268,3402,810,9
222,0,5,21,8,3,2,3,2,3942,891324,1350,13
223,1,5,17,12,3,2,3,2,2106,9018,1350,5
224,2,5,20,8,3,2,3,2,14148,295326,1350,12
225,3,5,18,12,3,2,3,2,2646,53514,1350,6
226,4,5,18,11,3,2,3,2,7776,257094,1350,7
227,0,5,18,16,3,3,3,2,5508,35964,1890,2
228,1,5,20,13,3,3,3,2,6642,123714,1890,7
229,2,5,20,11,3,3,3,2,12150,11164716,1890,9
230,3,5,18,14,3,3,3,2,11340,12759930,1890,4
231,4,5,18,12,3,3,3,2,5022,140886,1890,6
232,0,5,22,11,3,1,3,3,1890,9072,1080,11
233,1,5,24,11,3,1,3,3,1674,14580,1080,13
234,2,5,23,10,3,1,3,3,2214,100116,1080,13
235,3,5,23,17,3,1,3,3,2646,80406,1080,6
236,4,5,24,11,3,1,3,3,2754,7074,1080,13
237,0,5,25,14,3,2,3,3,10584,1125900,1890,11
238,1,5,22,10,3,2,3,3,7830,100563498,1890,12
239,2,5,21,16,3,2,3,3,12150,3898692,1890,5
240,3,5,26,13,3,2,3,3,6264,82620,1890,13
241,4,5,24,14,3,2,3,3,4698,83538,1890,10
242,0,5,25,32,3,3,3,3,349758,-1262278632,2700,-7
243,1,5,22,16,3,3,3,3,140940,317273760,2700,6
244,2,5,22,28,3,3,3,3,84564,-420575782,2700,-6
245,3,5,22,19,3,3,3,3,55242,455868,2700,3
246,4,5,22,21,3,3,3,3,65286,431002242,2700,1
247,0,5,9,2,5,0,3,0,90,90,2430,7
248,1,5,6,3,5,0,3,0,108,108,2430,3
249,2,5,6,2,5,0,3,0,90,90,2430,4
250,3,5,9,2,5,0,3,0,108,108,2430,7
251,4,5,8,2,5,0,3,0,54,54,2430,6
252,0,5,13,8,5,1,3,1,972,7290,4860,5
253,1,5,16,9,5,1,3,1,360,954,4860,7
254,2,5,13,5,5,1,3,1,648,972,4860,8
255,3,5,13,6,5,1,3,1,972,1242,4860,7
256,4,5,13,6,5,1,3,1,378,378,4860,7
257,0,5,14,6,5,2,3,1,1296,2106,7290,8
258,1,5,12,8,5,2,3,1,1782,75168,7290,4
259,2,5,15,9,5,2,3,1,5832,79218,7290,6
260,3,5,12,5,5,2,3,1,1080,2106,7290,7
261,4,5,12,6,5,2,3,1,1944,2430,7290,6
262,0,5,13,10,5,3,3,1,2106,20412,9720,3
263,1,5,14,8,5,3,3,1,4860,5184,9720,6
264,2,5,14,5,5,3,3,1,1458,4536,9720,9
265,3,5,12,11,5,3,3,1,4374,835434,9720,1
266,4,5,14,7,5,3,3,1,1296,1296,9720,7
267,0,5,18,9,5,1,3,2,972,1458,7290,9
268,1,5,19,11,5,1,3,2,1998,9018,7290,8
269,2,5,19,13,5,1,3,2,2052,8100,7290,6
270,3,5,18,12,5,1,3,2,702,7290,7290,6
271,4,5,18,10,5,1,3,2,1350,2376,7290,8
272,0,5,17,10,5,2,3,2,4644,33804,12150,7
273,1,5,16,10,5,2,3,2,2376,20844,12150,6
274,2,5,17,12,5,2,3,2,4644,120690,12150,5
275,3,5,17,7,5,2,3,2,3294,6804,12150,10
276,4,5,19,10,5,2,3,2,2646,9666,12150,9
277,0,5,18,12,5,3,3,2,18630,427032,17010,6
278,2,5,18,9,5,3,3,2,6156,160218,17010,9
279,3,5,18,12,5,3,3,2,2754,43902,17010,6
280,4,5,19,15,5,3,3,2,37422,1424628,17010,4
281,0,5,23,14,5,1,3,3,2160,6804,9720,9
282,1,5,22,10,5,1,3,3,1242,1998,9720,12
283,2,5,23,13,5,1,3,3,2754,11826,9720,10
284,3,5,24,11,5,1,3,3,3186,11178,9720,13
285,4,5,21,11,5,1,3,3,1512,3672,9720,10
286,0,5,22,13,5,2,3,3,20304,2836998,17010,9
287,1,5,23,15,5,2,3,3,33210,159354,17010,8
288,2,5,25,14,5,2,3,3,6048,3604932,17010,11
289,3,5,26,15,5,2,3,3,7452,312660,17010,11
290,4,5,24,12,5,2,3,3,3726,143478,17010,12
291,0,5,27,16,5,3,3,3,37908,149202,24300,11
292,1,5,22,16,5,3,3,3,23004,927180,24300,6
293,2,5,34,18,5,3,3,3,24138,1291522536,24300,16
294,3,5,23,22,5,3,3,3,74844,157881906,24300,1
295,4,5,23,15,5,3,3,3,74196,3922884,24300,8
296,0,5,8,1,2,0,4,0,96,96,240,7
297,1,5,8,2,2,0,4,0,208,208,240,6
298,2,5,8,2,2,0,4,0,112,112,240,6
299,3,5,8,2,2,0,4,0,256,256,240,6
300,4,5,9,2,2,0,4,0,208,208,240,7
301,0,5,14,6,2,1,4,1,2176,2432,480,8
302,1,5,12,7,2,1,4,1,2048,3328,480,5
303,2,5,13,8,2,1,4,1,896,16704,480,5
304,3,5,15,6,2,1,4,1,768,1664,480,9
305,4,5,13,7,2,1,4,1,1088,6464,480,6
306,0,5,13,8,2,2,4,1,10432,21056,720,5
307,1,5,12,8,2,2,4,1,1280,2432,720,4
308,2,5,14,6,2,2,4,1,3584,13568,720,8
309,3,5,12,5,2,2,4,1,2112,3776,720,7
310,4,5,13,9,2,2,4,1,1984,2688,720,4
311,0,5,12,5,2,3,4,1,2048,8128,960,7
312,1,5,13,11,2,3,4,1,15040,18877120,960,2
313,2,5,13,6,2,3,4,1,9408,1314112,960,7
314,3,5,13,9,2,3,4,1,27904,102400,960,4
315,4,5,13,6,2,3,4,1,5632,33024,960,7
316,0,5,17,9,2,1,4,2,3968,17280,720,8
317,1,5,16,11,2,1,4,2,3520,6272,720,5
318,2,5,19,10,2,1,4,2,5248,16000,720,9
319,3,5,17,12,2,1,4,2,4032,24640,720,5
320,4,5,17,10,2,1,4,2,928,2144,720,7
321,0,5,17,9,2,2,4,2,11008,343808,1200,8
322,1,5,17,12,2,2,4,2,3392,9728,1200,5
323,2,5,20,12,2,2,4,2,16768,990848,1200,8
324,3,5,19,13,2,2,4,2,14208,5410560,1200,6
325,4,5,17,9,2,2,4,2,3904,9344,1200,8
326,0,5,18,16,2,3,4,2,25152,536882176,1680,2
327,1,5,20,15,2,3,4,2,63680,117971008,1680,5
328,2,5,17,14,2,3,4,2,30400,357952,1680,3
329,3,5,18,12,2,3,4,2,46976,10494016,1680,6
330,4,5,18,19,2,3,4,2,74880,23865152,1680,-1
331,0,5,22,12,2,1,4,3,6784,272512,960,10
332,1,5,23,12,2,1,4,3,4352,69376,960,11
333,2,5,24,17,2,1,4,3,31680,1060672,960,7
334,3,5,23,12,2,1,4,3,13696,73280,960,11
335,4,5,22,11,2,1,4,3,7232,462976,960,11
336,0,5,22,21,2,2,4,3,241408,100930944,1680,1
337,1,5,21,17,2,2,4,3,46720,109598848,1680,4
338,2,5,21,19,2,2,4,3,28544,537011392,1680,2
339,3,5,29,28,2,2,4,3,460032,-1409273472,1680,1
340,4,5,22,12,2,2,4,3,40192,469968896,1680,10
341,0,5,35,37,2,3,4,3,206272,-2139086912,2400,-2
342,0,20,96,10,2,0,2,0,888,888,80,86
343,1,20,13,8,2,0,2,0,572,572,80,5
344,2,20,9,7,2,0,2,0,696,696,80,2
345,3,20,11,6,2,0,2,0,816,816,80,5
346,4,20,8,4,2,0,2,0,804,804,80,4
347,3,20,14,17,2,1,2,1,11584,98392,160,-3
348,4,20,15,21,2,1,2,1,25648,170960,160,-6
349,0,20,19,36,2,2,2,1,53656,102072,240,-17
350,1,20,25,27,2,2,2,1,17392,39464,240,-2
351,2,20,21,39,2,2,2,1,16928,163360,240,-18
352,4,20,20,42,2,2,2,1,31232,108368,240,-22
353,1,20,23,39,2,3,2,1,25208,120784,320,-16
354,4,20,17,22,2,3,2,1,111656,9781304,320,-5
355,0,20,23,19,2,1,2,2,10288,27368,240,4
356,1,20,28,61,2,2,2,2,277024,15824384,400,-33
357,3,20,24,67,2,2,2,2,397568,289632,400,-43
358,1,20,23,113,2,3,2,2,314376,175452416,560,-90
359,3,20,32,111,2,3,2,2,974984,1624233928,560,-79
360,2,20,31,76,2,1,2,3,28328,115504,320,-45
361,3,20,33,43,2,1,2,3,185720,17259288,320,-10
362,4,20,26,42,2,1,2,3,326424,444808,320,-16
363,0,20,52,142,2,2,2,3,4954048,-1844252368,560,-90
364,3,20,41,178,2,2,2,3,1199952,8573888,560,-137
365,2,20,182,458,2,3,2,3,41531088,94178360,800,-276
366,0,20,12,7,3,0,2,0,4512,4512,160,5
367,1,20,9,3,3,0,2,0,3712,3712,160,6
368,2,20,11,3,3,0,2,0,2016,2016,160,8
369,3,20,11,3,3,0,2,0,4096,4096,160,8
370,4,20,7,6,3,0,2,0,5168,5168,160,1
371,0,20,15,13,3,1,2,1,11608,29752,320,2
372,1,20,16,8,3,1,2,1,18784,37824,320,8
373,2,20,15,12,3,1,2,1,15424,90528,320,3
374,3,20,17,12,3,1,2,1,9776,14128,320,5
375,0,20,17,20,3,2,2,1,15328,35696,480,-3
376,1,20,18,14,3,2,2,1,123488,862976,480,4
377,2,20,18,15,3,2,2,1,74144,153664,480,3
378,3,20,19,17,3,2,2,1,40880,143664,480,2
379,2,20,18,17,3,3,2,1,90912,390224,640,1
380,0,20,22,17,3,1,2,2,53952,138144,480,5
381,2,20,19,20,3,1,2,2,50320,342480,480,-1
382,4,20,18,17,3,1,2,2,74576,222576,480,1
383,3,20,23,31,3,2,2,2,496000,17324416,800,-8
384,2,20,30,81,3,3,2,2,749632,47472768,1120,-51
385,0,20,28,28,3,1,2,3,81704,851312,640,0
386,0,20,29,90,3,2,2,3,133920,1034752,1120,-61
387,1,20,30,80,3,2,2,3,553120,40137504,1120,-50
388,2,20,32,71,3,2,2,3,782240,1125017952,1120,-39
389,0,20,30,215,3,3,2,3,474112,119956192,1600,-185
390,0,20,7,4,5,0,2,0,24464,24464,640,3
391,1,20,14,6,5,0,2,0,19856,19856,640,8
392,2,20,11,6,5,0,2,0,22752,22752,640,5
393,3,20,10,4,5,0,2,0,10496,10496,640,6
394,4,20,9,6,5,0,2,0,63104,63104,640,3
395,0,20,11,11,5,1,2,1,45248,68416,1280,0
396,2,20,20,13,5,1,2,1,68576,94944,1280,7
397,4,20,19,11,5,1,2,1,102016,140928,1280,8
398,1,20,17,12,5,2,2,1,109952,403136,1920,5
399,2,20,17,12,5,2,2,1,194368,481088,1920,5
400,3,20,15,13,5,2,2,1,62528,134976,1920,2
401,0,20,16,15,5,3,2,1,240384,442688,2560,1
402,1,20,18,14,5,3,2,1,249024,501184,2560,4
403,2,20,20,13,5,3,2,1,344128,4056960,2560,7
404,4,20,11,17,5,3,2,1,208064,458176,2560,-6
405,0,20,25,16,5,1,2,2,241920,1985408,1920,9
406,3,20,21,14,5,1,2,2,171008,475904,1920,7
407,0,20,24,22,5,2,2,2,262080,685760,3200,2
408,1,20,27,20,5,2,2,2,598720,3411648,3200,7
409,2,20,21,24,5,2,2,2,349632,2039744,3200,-3
410,4,20,25,23,5,2,2,2,1336768,4417408,3200,2
411,0,20,30,38,5,3,2,2,969536,18091008,4480,-8
412,1,20,26,40,5,3,2,2,283712,530176,4480,-14
413,3,20,25,45,5,3,2,2,440000,966592,4480,-20
414,0,20,31,21,5,1,2,3,289280,1749888,2560,10
415,1,20,29,19,5,1,2,3,206976,582656,2560,10
416,3,20,28,28,5,1,2,3,314240,1244800,2560,0
417,0,20,33,45,5,2,2,3,534464,8482752,4480,-12
418,1,20,34,34,5,2,2,3,1073088,20343104,4480,0
419,2,20,37,45,5,2,2,3,892288,3440512,4480,-8
420,3,20,31,45,5,2,2,3,523136,3253344,4480,-14
421,4,20,29,56,5,2,2,3,370432,1156736,4480,-27
422,0,20,35,124,5,3,2,3,749312,55375232,6400,-89
423,3,20,37,103,5,3,2,3,2185216,576854400,6400,-66
424,0,20,8,6,2,0,3,0,3402,3402,360,2
425,1,20,9,5,2,0,3,0,12474,12474,360,4
426,2,20,9,5,2,0,3,0,5778,5778,360,4
427,3,20,9,5,2,0,3,0,7074,7074,360,4
428,4,20,11,5,2,0,3,0,4320,4320,360,6
429,0,20,19,11,2,1,3,1,1404108,6099030,720,8
430,1,20,13,9,2,1,3,1,29484,28674,720,4
431,2,20,13,11,2,1,3,1,95472,176634,720,2
432,3,20,15,9,2,1,3,1,69498,380970,720,6
433,2,20,35,15,2,2,3,1,4246614,179823024,1080,20
434,4,20,22,15,2,2,3,1,1298484,180300384,1080,7
435,1,20,1534,19,2,3,3,1,456463188,-1448358196,1440,1515
436,2,20,66,24,2,3,3,1,8540586,20920464,1440,42
437,3,20,506,21,2,3,3,1,149648634,540572324,1440,485
438,0,20,22,20,2,1,3,2,259416,3826008,1080,2
439,0,20,1139,43,2,2,3,2,275671998,941225184,1800,1096
440,3,20,46,59,2,2,3,2,5546340,533551158,1800,-13
441,3,20,344,95,2,3,3,2,87450030,1432423218,2520,249
442,0,20,146,41,2,1,3,3,2987658,23569596,1440,105
443,1,20,43,41,2,1,3,3,1873638,291134682,1440,2
444,4,20,59,37,2,1,3,3,6225444,66366324,1440,22
445,4,20,10928,159,2,2,3,3,2393661024,-129648104,2520,10769
446,0,20,21,5,3,0,3,0,33426,33426,1080,16
447,1,20,10,7,3,0,3,0,50544,50544,1080,3
448,2,20,9,5,3,0,3,0,40932,40932,1080,4
449,3,20,8,5,3,0,3,0,55674,55674,1080,3
450,4,20,11,5,3,0,3,0,34272,34272,1080,6
451,0,20,24,13,3,1,3,1,726354,2924370,2160,11
452,1,20,19,14,3,1,3,1,727866,1213380,2160,5
453,3,20,21,12,3,1,3,1,1102248,16689726,2160,9
454,0,20,38,16,3,2,3,1,3307230,17544600,3240,22
455,3,20,24,15,3,2,3,1,1970568,75370662,3240,9
456,4,20,34,15,3,2,3,1,3350970,64114578,3240,19
457,3,20,23,28,3,3,3,1,572670,1024812,4320,-5
458,4,20,26,21,3,3,3,1,1188756,3452058,4320,5
459,1,20,35,15,3,1,3,2,2339604,8147790,3240,20
460,2,20,47,29,3,1,3,2,4636278,9837612,3240,18
461,3,20,33,20,3,1,3,2,2897046,17261748,3240,13
462,1,20,163,36,3,2,3,2,32804352,107622594,5400,127
463,2,20,62,56,3,2,3,2,7156998,52665714,5400,6
464,3,20,332,42,3,2,3,2,69077448,-874002964,5400,290
465,2,20,105,118,3,3,3,2,21476988,83748168,7560,-13
466,4,20,317,68,3,3,3,2,69672960,2266534114,7560,249
467,1,20,90,28,3,1,3,3,6978312,63513234,4320,62
468,2,20,88,37,3,1,3,3,12673098,333498708,4320,51
469,1,20,309,88,3,2,3,3,71728254,591598724,7560,221
470,0,20,21,20,5,0,3,0,1713636,1713636,9720,1
471,1,20,14,15,5,0,3,0,992412,992412,9720,-1
472,2,20,23,20,5,0,3,0,2178252,2178252,9720,3
473,3,20,44,40,5,0,3,0,5929686,5929686,9720,4
474,4,20,28,27,5,0,3,0,3013686,3013686,9720,1
475,0,20,60,38,5,1,3,1,6343758,30230172,19440,22
476,2,20,114,36,5,1,3,1,15478128,17064432,19440,78
477,3,20,92,38,5,1,3,1,13553082,58898340,19440,54
478,0,20,92,30,5,2,3,1,10056798,12348774,29160,62
479,0,50,89,32,2,0,2,0,21296,21296,200,57
480,1,50,14,23,2,0,2,0,40340,40340,200,-9
481,2,50,20,18,2,0,2,0,36344,36344,200,2
482,3,50,15,14,2,0,2,0,156120,108248,200,1
483,4,50,14,17,2,0,2,0,109100,109100,200,-3
484,0,50,714,60,2,1,2,1,160307400,87355896,400,654
485,1,50,43,70,2,1,2,1,5108816,24585360,400,-27
486,0,50,109,190,2,2,2,1,17020784,162366464,600,-81
487,2,50,6067,186,2,1,2,2,1318162352,949363776,600,5881
488,0,50,63,67,3,0,2,0,11855136,11855136,400,-4
489,1,50,24,22,3,0,2,0,2032892,2032892,400,2
490,2,50,78,83,3,0,2,0,12577520,11600624,400,-5
491,3,50,31,30,3,0,2,0,3868872,3868872,400,1
492,4,50,34,39,3,0,2,0,3446416,4954128,400,-5
493,0,50,1084,49,3,1,2,1,215493888,296937344,800,1035
494,0,50,453,145,3,2,2,1,63857776,560028560,1200,308
495,2,50,437,126,3,2,2,1,81345136,381893616,1200,311
496,2,50,1113,1175,5,0,2,0,161553856,161553856,1600,-62
497,3,50,2067,2107,5,0,2,0,247039808,247039808,1600,-40
498,0,50,40,40,2,0,3,0,5349672,5349672,900,0
499,1,50,110,112,2,0,3,0,24577614,24577614,900,-2
500,2,50,54,48,2,0,3,0,6365574,6006906,900,6
501,3,50,22,19,2,0,3,0,1806012,1806012,900,3
502,4,50,27,41,2,0,3,0,3005802,6911298,900,-14
503,0,50,151,146,2,0,4,0,32332944,32332944,2400,5
504,2,50,493,475,2,0,4,0,127674640,127674640,2400,18
505,3,50,248,225,2,0,4,0,44786688,44792832,2400,23
506,4,50,71,74,2,0,4,0,13561168,14519632,2400,-3
507,0,50,179,168,2,0,4,0,32332944,32332944,2400,11
508,1,50,7280,6578,2,0,4,0,1229919232,1292830720,2400,702
509,2,50,529,509,2,0,4,0,127674640,127674640,2400,20
510,3,50,611,427,2,0,4,0,44786688,44792832,2400,184
511,4,50,75,77,2,0,4,0,13561168,14519632,2400,-2
