,,,,,Fold = 1,Fold = 1,Fold = 1,Fold = 1,Fold = 1,Fold = 1,Fold = 1,Fold = 1,Fold = 2,Fold = 2,Fold = 2,Fold = 2,Fold = 2,Fold = 2,Fold = 2,Fold = 2,Fold = 3,Fold = 3,Fold = 3,Fold = 3,Fold = 3,Fold = 3,Fold = 3,Fold = 3,Fold = 4,Fold = 4,Fold = 4,Fold = 4,Fold = 4,Fold = 4,Fold = 4,Fold = 4,Fold = 5,Fold = 5,Fold = 5,Fold = 5,Fold = 5,Fold = 5,Fold = 5,Fold = 5
,,,,,fold,Hugin,SIIC,RComplexity,HuginCost,SIICCost,complexity,difference,fold,Hugin,SIIC,RComplexity,HuginCost,SIICCost,complexity,difference,fold,Hugin,SIIC,RComplexity,HuginCost,SIICCost,complexity,difference,fold,Hugin,SIIC,RComplexity,HuginCost,SIICCost,complexity,difference,fold,Hugin,SIIC,RComplexity,HuginCost,SIICCost,complexity,difference
NOS,NOPar,NON,NOC,NOO,,,,,,,,,,,,,,,,,,,,,,,,,,,,,,,,,,,,,,,,
2,2,5,0,0,0.0,46.0,16.0,24.0,24.0,19.0,20.0,30.0,1.0,63.0,16.0,28.0,28.0,23.0,20.0,47.0,2.0,47.0,0.0,32.0,32.0,23.0,20.0,47.0,3.0,47.0,0.0,24.0,24.0,23.0,20.0,47.0,4.0,47.0,0.0,32.0,32.0,23.0,20.0,47.0
2,2,5,1,1,0.0,47.0,0.0,160.0,176.0,52.0,40.0,47.0,1.0,62.0,0.0,104.0,96.0,45.0,40.0,62.0,2.0,63.0,15.0,104.0,136.0,45.0,40.0,48.0,3.0,63.0,0.0,96.0,104.0,43.0,40.0,63.0,4.0,47.0,16.0,112.0,120.0,47.0,40.0,31.0
2,2,5,1,2,0.0,63.0,16.0,384.0,1680.0,79.0,60.0,47.0,1.0,63.0,0.0,152.0,616.0,60.0,60.0,63.0,2.0,63.0,16.0,176.0,200.0,65.0,60.0,47.0,3.0,62.0,16.0,200.0,384.0,71.0,60.0,46.0,4.0,47.0,15.0,160.0,192.0,55.0,60.0,32.0
2,2,5,1,3,0.0,62.0,15.0,296.0,432.0,92.0,80.0,47.0,1.0,62.0,15.0,224.0,1832.0,93.0,80.0,47.0,2.0,62.0,16.0,408.0,496.0,83.0,80.0,46.0,3.0,63.0,16.0,400.0,2816.0,115.0,80.0,47.0,4.0,62.0,16.0,416.0,2432.0,95.0,80.0,46.0
2,2,5,2,1,0.0,62.0,16.0,272.0,1264.0,69.0,60.0,46.0,1.0,63.0,16.0,184.0,192.0,58.0,60.0,47.0,2.0,62.0,16.0,304.0,720.0,79.0,60.0,46.0,3.0,62.0,15.0,320.0,336.0,70.0,60.0,47.0,4.0,78.0,16.0,216.0,336.0,74.0,60.0,62.0
2,2,5,2,2,0.0,63.0,15.0,360.0,640.0,117.0,100.0,48.0,1.0,78.0,15.0,368.0,944.0,121.0,100.0,63.0,2.0,62.0,16.0,560.0,3456.0,127.0,100.0,46.0,3.0,63.0,16.0,608.0,1056.0,119.0,100.0,47.0,4.0,62.0,16.0,368.0,528.0,128.0,100.0,46.0
2,2,5,2,3,0.0,63.0,15.0,1552.0,19104.0,191.0,140.0,48.0,1.0,63.0,15.0,1008.0,12896.0,200.0,140.0,48.0,2.0,78.0,31.0,904.0,10984.0,167.0,140.0,47.0,,,,,,,,,4.0,62.0,31.0,744.0,2232.0,146.0,140.0,31.0
2,2,5,3,1,0.0,62.0,15.0,368.0,1408.0,95.0,80.0,47.0,1.0,62.0,16.0,392.0,1256.0,91.0,80.0,46.0,2.0,62.0,31.0,312.0,512.0,93.0,80.0,31.0,3.0,63.0,16.0,376.0,8960.0,101.0,80.0,47.0,4.0,62.0,16.0,368.0,984.0,83.0,80.0,46.0
2,2,5,3,2,0.0,62.0,31.0,1856.0,131584.0,276.0,140.0,31.0,1.0,63.0,32.0,1632.0,57744.0,292.0,140.0,31.0,2.0,78.0,31.0,688.0,4488.0,176.0,140.0,47.0,3.0,62.0,15.0,1760.0,31232.0,207.0,140.0,47.0,4.0,63.0,16.0,1472.0,238000.0,235.0,140.0,47.0
2,2,5,3,3,0.0,78.0,16.0,3488.0,235912.0,319.0,200.0,62.0,1.0,63.0,47.0,5480.0,129528.0,413.0,200.0,16.0,2.0,63.0,31.0,1992.0,109032.0,335.0,200.0,32.0,3.0,78.0,32.0,2136.0,590424.0,381.0,200.0,46.0,4.0,63.0,47.0,4736.0,53704.0,677.0,200.0,16.0
2,2,20,0,0,0.0,62.0,0.0,888.0,888.0,111.0,80.0,62.0,1.0,63.0,16.0,572.0,572.0,109.0,80.0,47.0,2.0,62.0,0.0,696.0,696.0,110.0,80.0,62.0,3.0,63.0,16.0,816.0,816.0,109.0,80.0,47.0,4.0,63.0,0.0,804.0,804.0,106.0,80.0,63.0
2,2,20,1,1,,,,,,,,,,,,,,,,,,,,,,,,,3.0,78.0,31.0,11584.0,98392.0,221.0,160.0,47.0,4.0,78.0,31.0,25648.0,170960.0,244.0,160.0,47.0
2,2,20,1,2,0.0,78.0,47.0,53656.0,102072.0,362.0,240.0,31.0,1.0,63.0,47.0,17392.0,39464.0,345.0,240.0,16.0,2.0,78.0,47.0,16928.0,163360.0,369.0,240.0,31.0,,,,,,,,,4.0,62.0,62.0,31232.0,108368.0,342.0,240.0,0.0
2,2,20,1,3,,,,,,,,,1.0,78.0,63.0,25208.0,120784.0,470.0,320.0,15.0,,,,,,,,,,,,,,,,,4.0,78.0,47.0,111656.0,9781304.0,490.0,320.0,31.0
2,2,20,2,1,0.0,94.0,47.0,10288.0,27368.0,328.0,240.0,47.0,,,,,,,,,,,,,,,,,,,,,,,,,,,,,,,,
2,2,20,2,2,,,,,,,,,1.0,110.0,94.0,277024.0,15824384.0,618.0,400.0,16.0,,,,,,,,,3.0,78.0,109.0,397568.0,289632.0,585.0,400.0,-31.0,,,,,,,,
2,2,20,2,3,,,,,,,,,1.0,125.0,156.0,314376.0,175452416.0,891.0,560.0,-31.0,,,,,,,,,3.0,94.0,156.0,974984.0,1624233928.0,860.0,560.0,-62.0,,,,,,,,
2,2,20,3,1,,,,,,,,,,,,,,,,,2.0,109.0,78.0,28328.0,115504.0,489.0,320.0,31.0,3.0,110.0,47.0,185720.0,17259288.0,498.0,320.0,63.0,4.0,110.0,62.0,326424.0,444808.0,469.0,320.0,48.0
2,2,20,3,2,0.0,125.0,156.0,4954048.0,6745682224.0,931.0,560.0,-31.0,,,,,,,,,,,,,,,,,3.0,125.0,187.0,1199952.0,8573888.0,865.0,560.0,-62.0,,,,,,,,
2,2,20,3,3,,,,,,,,,,,,,,,,,2.0,250.0,500.0,41531088.0,347986529336.0,1350.0,800.0,-250.0,,,,,,,,,,,,,,,,
2,2,50,0,0,0.0,85.0,31.0,21296.0,21296.0,289.0,200.0,54.0,1.0,100.0,47.0,40340.0,40340.0,286.0,200.0,53.0,2.0,97.0,32.0,36344.0,36344.0,291.0,200.0,65.0,3.0,109.0,47.0,156120.0,108248.0,285.0,200.0,62.0,4.0,110.0,31.0,109100.0,109100.0,291.0,200.0,79.0
2,2,50,1,1,0.0,750.0,78.0,160307400.0,87355896.0,618.0,400.0,672.0,1.0,188.0,109.0,5108816.0,24585360.0,614.0,400.0,79.0,,,,,,,,,,,,,,,,,,,,,,,,
2,2,50,1,2,0.0,219.0,219.0,17020784.0,162366464.0,905.0,600.0,0.0,,,,,,,,,,,,,,,,,,,,,,,,,,,,,,,,
2,2,50,2,1,,,,,,,,,,,,,,,,,2.0,4639.0,250.0,1318162352.0,949363776.0,934.0,600.0,4389.0,,,,,,,,,,,,,,,,
2,3,5,0,0,0.0,47.0,0.0,32.0,32.0,27.0,40.0,47.0,1.0,46.0,16.0,32.0,32.0,23.0,40.0,30.0,2.0,47.0,0.0,20.0,20.0,21.0,40.0,47.0,3.0,47.0,0.0,32.0,32.0,23.0,40.0,47.0,4.0,47.0,0.0,24.0,24.0,25.0,40.0,47.0
2,3,5,1,1,0.0,62.0,16.0,112.0,288.0,49.0,80.0,46.0,1.0,62.0,0.0,112.0,104.0,55.0,80.0,62.0,2.0,47.0,15.0,152.0,200.0,57.0,80.0,32.0,3.0,46.0,16.0,176.0,272.0,47.0,80.0,30.0,4.0,62.0,0.0,120.0,144.0,42.0,80.0,62.0
2,3,5,1,2,0.0,62.0,15.0,140.0,164.0,67.0,120.0,47.0,1.0,62.0,0.0,208.0,272.0,79.0,120.0,62.0,2.0,63.0,16.0,400.0,400.0,83.0,120.0,47.0,3.0,62.0,16.0,144.0,184.0,77.0,120.0,46.0,4.0,62.0,15.0,232.0,320.0,83.0,120.0,47.0
2,3,5,1,3,0.0,63.0,16.0,528.0,976.0,111.0,160.0,47.0,1.0,63.0,16.0,552.0,1440.0,99.0,160.0,47.0,2.0,63.0,16.0,296.0,552.0,105.0,160.0,47.0,3.0,47.0,0.0,264.0,360.0,109.0,160.0,47.0,4.0,62.0,15.0,592.0,2112.0,110.0,160.0,47.0
2,3,5,2,1,0.0,63.0,31.0,200.0,672.0,73.0,120.0,32.0,1.0,78.0,16.0,224.0,344.0,74.0,120.0,62.0,2.0,63.0,16.0,216.0,408.0,80.0,120.0,47.0,3.0,78.0,16.0,288.0,416.0,70.0,120.0,62.0,4.0,62.0,16.0,208.0,464.0,81.0,120.0,46.0
2,3,5,2,2,0.0,78.0,15.0,656.0,5584.0,136.0,200.0,63.0,1.0,63.0,16.0,512.0,1024.0,139.0,200.0,47.0,2.0,63.0,16.0,720.0,1632.0,118.0,200.0,47.0,3.0,62.0,16.0,384.0,496.0,132.0,200.0,46.0,4.0,62.0,15.0,320.0,24832.0,139.0,200.0,47.0
2,3,5,2,3,,,,,,,,,1.0,63.0,16.0,1600.0,6272.0,225.0,280.0,47.0,2.0,78.0,31.0,5168.0,203280.0,280.0,280.0,47.0,3.0,63.0,31.0,2640.0,167520.0,306.0,280.0,32.0,4.0,62.0,31.0,1312.0,8040.0,189.0,280.0,31.0
2,3,5,3,1,0.0,78.0,15.0,312.0,520.0,107.0,160.0,63.0,1.0,62.0,15.0,424.0,1168.0,104.0,160.0,47.0,2.0,62.0,16.0,488.0,1272.0,99.0,160.0,46.0,3.0,63.0,15.0,384.0,768.0,106.0,160.0,48.0,4.0,62.0,16.0,440.0,1360.0,101.0,160.0,46.0
2,3,5,3,2,0.0,78.0,16.0,2192.0,110928.0,244.0,280.0,62.0,1.0,78.0,16.0,992.0,3280.0,220.0,280.0,62.0,,,,,,,,,3.0,63.0,15.0,1248.0,14592.0,203.0,280.0,48.0,4.0,63.0,31.0,880.0,9856.0,199.0,280.0,32.0
2,3,5,3,3,0.0,78.0,31.0,2168.0,305632.0,390.0,400.0,47.0,1.0,62.0,15.0,3888.0,1278464.0,484.0,400.0,47.0,2.0,63.0,32.0,3208.0,156032.0,366.0,400.0,31.0,3.0,78.0,32.0,13552.0,459808.0,1229.0,400.0,46.0,4.0,63.0,32.0,2784.0,28552.0,442.0,400.0,31.0
2,3,20,0,0,0.0,62.0,15.0,4512.0,4512.0,171.0,160.0,47.0,1.0,62.0,0.0,3712.0,3712.0,167.0,160.0,62.0,2.0,63.0,16.0,2016.0,2016.0,148.0,160.0,47.0,3.0,63.0,16.0,4096.0,4096.0,165.0,160.0,47.0,4.0,63.0,16.0,5168.0,5168.0,166.0,160.0,47.0
2,3,20,1,1,0.0,63.0,31.0,11608.0,29752.0,316.0,320.0,32.0,1.0,78.0,31.0,18784.0,37824.0,327.0,320.0,47.0,2.0,78.0,31.0,15424.0,90528.0,343.0,320.0,47.0,3.0,78.0,31.0,9776.0,14128.0,313.0,320.0,47.0,,,,,,,,
2,3,20,1,2,0.0,63.0,31.0,15328.0,35696.0,469.0,480.0,32.0,1.0,78.0,47.0,123488.0,862976.0,560.0,480.0,31.0,2.0,78.0,46.0,74144.0,153664.0,487.0,480.0,32.0,3.0,78.0,47.0,40880.0,143664.0,513.0,480.0,31.0,,,,,,,,
2,3,20,1,3,,,,,,,,,,,,,,,,,2.0,79.0,47.0,90912.0,390224.0,745.0,640.0,32.0,,,,,,,,,,,,,,,,
2,3,20,2,1,0.0,109.0,32.0,53952.0,138144.0,481.0,480.0,77.0,,,,,,,,,2.0,94.0,31.0,50320.0,342480.0,523.0,480.0,63.0,,,,,,,,,4.0,93.0,31.0,74576.0,222576.0,505.0,480.0,62.0
2,3,20,2,2,,,,,,,,,,,,,,,,,,,,,,,,,3.0,109.0,62.0,496000.0,17324416.0,929.0,800.0,47.0,,,,,,,,
2,3,20,2,3,,,,,,,,,,,,,,,,,2.0,109.0,203.0,749632.0,47472768.0,1357.0,1120.0,-94.0,,,,,,,,,,,,,,,,
2,3,20,3,1,0.0,109.0,62.0,81704.0,851312.0,700.0,640.0,47.0,,,,,,,,,,,,,,,,,,,,,,,,,,,,,,,,
2,3,20,3,2,0.0,110.0,156.0,133920.0,1034752.0,1264.0,1120.0,-46.0,1.0,109.0,125.0,553120.0,40137504.0,1259.0,1120.0,-16.0,2.0,125.0,125.0,782240.0,5419985248.0,1256.0,1120.0,0.0,,,,,,,,,,,,,,,,
2,3,20,3,3,0.0,125.0,297.0,474112.0,119956192.0,1808.0,1600.0,-172.0,,,,,,,,,,,,,,,,,,,,,,,,,,,,,,,,
2,3,50,0,0,0.0,144.0,79.0,11855136.0,11855136.0,469.0,400.0,65.0,1.0,125.0,47.0,2032892.0,2032892.0,433.0,400.0,78.0,2.0,140.0,109.0,12577520.0,11600624.0,454.0,400.0,31.0,3.0,125.0,63.0,3868872.0,3868872.0,450.0,400.0,62.0,4.0,109.0,47.0,3446416.0,4954128.0,456.0,400.0,62.0
2,3,50,1,1,0.0,1047.0,93.0,215493888.0,296937344.0,979.0,800.0,954.0,,,,,,,,,,,,,,,,,,,,,,,,,,,,,,,,
2,3,50,1,2,0.0,469.0,203.0,63857776.0,560028560.0,1431.0,1200.0,266.0,,,,,,,,,2.0,453.0,172.0,81345136.0,381893616.0,1367.0,1200.0,281.0,,,,,,,,,,,,,,,,
2,3,50,2,2,0.0,59027.0,768.0,3452209200.0,34644586416.0,2386.0,2000.0,58259.0,,,,,,,,,,,,,,,,,,,,,,,,,,,,,,,,
2,5,5,0,0,0.0,47.0,0.0,32.0,32.0,27.0,160.0,47.0,1.0,46.0,0.0,24.0,24.0,27.0,160.0,46.0,2.0,63.0,16.0,16.0,16.0,22.0,160.0,47.0,3.0,63.0,15.0,20.0,20.0,27.0,160.0,48.0,4.0,47.0,0.0,28.0,28.0,22.0,160.0,47.0
2,5,5,1,1,0.0,62.0,0.0,192.0,176.0,70.0,320.0,62.0,1.0,62.0,0.0,144.0,160.0,56.0,320.0,62.0,2.0,62.0,16.0,128.0,168.0,57.0,320.0,46.0,3.0,47.0,0.0,176.0,192.0,64.0,320.0,47.0,4.0,63.0,16.0,112.0,304.0,41.0,320.0,47.0
2,5,5,1,2,0.0,62.0,16.0,184.0,720.0,83.0,480.0,46.0,1.0,62.0,16.0,336.0,448.0,76.0,480.0,46.0,2.0,47.0,0.0,208.0,240.0,89.0,480.0,47.0,3.0,62.0,16.0,144.0,152.0,72.0,480.0,46.0,4.0,63.0,0.0,168.0,488.0,60.0,480.0,63.0
2,5,5,1,3,0.0,47.0,0.0,624.0,4416.0,151.0,640.0,47.0,1.0,78.0,16.0,416.0,640.0,81.0,640.0,62.0,2.0,62.0,15.0,400.0,416.0,141.0,640.0,47.0,3.0,62.0,15.0,688.0,1056.0,117.0,640.0,47.0,4.0,47.0,15.0,528.0,592.0,110.0,640.0,32.0
2,5,5,2,1,0.0,63.0,16.0,200.0,216.0,81.0,480.0,47.0,1.0,63.0,16.0,216.0,440.0,82.0,480.0,47.0,2.0,78.0,15.0,224.0,280.0,78.0,480.0,63.0,3.0,63.0,16.0,168.0,168.0,85.0,480.0,47.0,4.0,62.0,15.0,240.0,352.0,85.0,480.0,47.0
2,5,5,2,2,0.0,62.0,15.0,704.0,2112.0,143.0,800.0,47.0,1.0,78.0,31.0,496.0,2336.0,127.0,800.0,47.0,2.0,63.0,31.0,624.0,2528.0,141.0,800.0,32.0,3.0,63.0,16.0,640.0,1728.0,129.0,800.0,47.0,4.0,63.0,15.0,384.0,432.0,129.0,800.0,48.0
2,5,5,2,3,0.0,78.0,31.0,1984.0,29568.0,228.0,1120.0,47.0,1.0,62.0,31.0,2624.0,664336.0,505.0,1120.0,31.0,2.0,62.0,15.0,2256.0,119488.0,251.0,1120.0,47.0,3.0,63.0,16.0,640.0,7440.0,209.0,1120.0,47.0,4.0,62.0,16.0,2304.0,27584.0,256.0,1120.0,46.0
2,5,5,3,1,0.0,63.0,16.0,696.0,2184.0,146.0,640.0,47.0,1.0,62.0,16.0,416.0,768.0,93.0,640.0,46.0,2.0,78.0,32.0,304.0,1088.0,108.0,640.0,46.0,3.0,63.0,16.0,280.0,416.0,104.0,640.0,47.0,4.0,62.0,15.0,320.0,2296.0,93.0,640.0,47.0
2,5,5,3,2,0.0,62.0,32.0,704.0,1536.0,193.0,1120.0,30.0,1.0,62.0,16.0,896.0,2400.0,219.0,1120.0,46.0,2.0,62.0,16.0,2784.0,10336.0,252.0,1120.0,46.0,3.0,62.0,16.0,1088.0,3488.0,223.0,1120.0,46.0,4.0,94.0,31.0,672.0,7528.0,184.0,1120.0,63.0
2,5,5,3,3,0.0,63.0,31.0,1816.0,25552.0,330.0,1600.0,32.0,1.0,78.0,16.0,2008.0,642488.0,351.0,1600.0,62.0,2.0,78.0,31.0,10136.0,331216.0,832.0,1600.0,47.0,3.0,78.0,31.0,2184.0,25464.0,345.0,1600.0,47.0,4.0,78.0,31.0,2464.0,591264.0,377.0,1600.0,47.0
2,5,20,0,0,0.0,63.0,0.0,24464.0,24464.0,377.0,640.0,63.0,1.0,63.0,16.0,19856.0,19856.0,323.0,640.0,47.0,2.0,62.0,16.0,22752.0,22752.0,382.0,640.0,46.0,3.0,63.0,0.0,10496.0,10496.0,351.0,640.0,63.0,4.0,62.0,16.0,63104.0,63104.0,399.0,640.0,46.0
2,5,20,1,1,0.0,78.0,16.0,45248.0,68416.0,721.0,1280.0,62.0,,,,,,,,,2.0,78.0,15.0,68576.0,94944.0,843.0,1280.0,63.0,,,,,,,,,4.0,78.0,31.0,102016.0,140928.0,861.0,1280.0,47.0
2,5,20,1,2,,,,,,,,,1.0,78.0,47.0,109952.0,403136.0,1046.0,1920.0,31.0,2.0,79.0,15.0,194368.0,481088.0,1249.0,1920.0,64.0,3.0,78.0,46.0,62528.0,134976.0,1109.0,1920.0,32.0,,,,,,,,
2,5,20,1,3,0.0,78.0,47.0,240384.0,442688.0,1439.0,2560.0,31.0,1.0,79.0,47.0,249024.0,501184.0,1912.0,2560.0,32.0,2.0,78.0,31.0,344128.0,4056960.0,1812.0,2560.0,47.0,,,,,,,,,4.0,78.0,31.0,208064.0,458176.0,1723.0,2560.0,47.0
2,5,20,2,1,0.0,94.0,15.0,241920.0,1985408.0,1179.0,1920.0,79.0,,,,,,,,,,,,,,,,,3.0,78.0,47.0,171008.0,475904.0,1283.0,1920.0,31.0,,,,,,,,
2,5,20,2,2,0.0,93.0,47.0,262080.0,685760.0,2117.0,3200.0,46.0,1.0,109.0,62.0,598720.0,3411648.0,2200.0,3200.0,47.0,2.0,110.0,47.0,349632.0,2039744.0,2193.0,3200.0,63.0,,,,,,,,,4.0,94.0,47.0,1336768.0,4417408.0,2225.0,3200.0,47.0
2,5,20,2,3,0.0,110.0,109.0,969536.0,18091008.0,3007.0,4480.0,1.0,1.0,109.0,94.0,283712.0,530176.0,2825.0,4480.0,15.0,,,,,,,,,3.0,110.0,94.0,440000.0,966592.0,2716.0,4480.0,16.0,,,,,,,,
2,5,20,3,1,0.0,109.0,47.0,289280.0,1749888.0,1631.0,2560.0,62.0,1.0,94.0,47.0,206976.0,582656.0,1470.0,2560.0,47.0,,,,,,,,,3.0,110.0,47.0,314240.0,1244800.0,1728.0,2560.0,63.0,,,,,,,,
2,5,20,3,2,0.0,140.0,125.0,534464.0,8482752.0,2878.0,4480.0,15.0,1.0,109.0,62.0,1073088.0,20343104.0,3360.0,4480.0,47.0,2.0,126.0,94.0,892288.0,3440512.0,2790.0,4480.0,32.0,3.0,125.0,157.0,523136.0,3253344.0,2977.0,4480.0,-32.0,4.0,125.0,141.0,370432.0,1156736.0,2644.0,4480.0,-16.0
2,5,20,3,3,0.0,125.0,219.0,749312.0,55375232.0,4231.0,6400.0,-94.0,,,,,,,,,,,,,,,,,3.0,125.0,141.0,2185216.0,576854400.0,4319.0,6400.0,-16.0,,,,,,,,
2,5,50,0,0,0.0,15737.0,18152.0,1893935776.0,1893935776.0,1369.0,1600.0,-2415.0,,,,,,,,,2.0,1094.0,1250.0,161553856.0,161553856.0,1299.0,1600.0,-156.0,3.0,1937.0,2234.0,247039808.0,247039808.0,1377.0,1600.0,-297.0,,,,,,,,
2,5,50,1,2,,,,,,,,,,,,,,,,,,,,,,,,,,,,,,,,,4.0,52104.0,2952.0,3450799424.0,7920279872.0,4034.0,4800.0,49152.0
3,2,5,0,0,0.0,62.0,15.0,108.0,108.0,46.0,90.0,47.0,1.0,47.0,0.0,108.0,108.0,40.0,90.0,47.0,2.0,47.0,0.0,90.0,90.0,34.0,90.0,47.0,3.0,47.0,0.0,90.0,90.0,34.0,90.0,47.0,4.0,47.0,0.0,108.0,108.0,40.0,90.0,47.0
3,2,5,1,1,0.0,62.0,16.0,324.0,378.0,82.0,180.0,46.0,1.0,47.0,15.0,486.0,540.0,94.0,180.0,32.0,2.0,47.0,0.0,648.0,810.0,108.0,180.0,47.0,3.0,63.0,15.0,324.0,918.0,68.0,180.0,48.0,4.0,62.0,0.0,360.0,360.0,82.0,180.0,62.0
3,2,5,1,2,0.0,62.0,16.0,3888.0,14580.0,160.0,270.0,46.0,1.0,62.0,16.0,594.0,702.0,134.0,270.0,46.0,2.0,62.0,0.0,3240.0,8100.0,182.0,270.0,62.0,3.0,62.0,16.0,2430.0,178848.0,310.0,270.0,46.0,4.0,62.0,0.0,702.0,756.0,142.0,270.0,62.0
3,2,5,1,3,0.0,62.0,15.0,756.0,1998.0,154.0,360.0,47.0,1.0,46.0,16.0,1242.0,4158.0,208.0,360.0,30.0,2.0,62.0,16.0,810.0,972.0,170.0,360.0,46.0,3.0,47.0,0.0,4860.0,4050.0,374.0,360.0,47.0,4.0,62.0,15.0,1944.0,29160.0,196.0,360.0,47.0
3,2,5,2,1,0.0,63.0,16.0,1188.0,9504.0,142.0,270.0,47.0,1.0,63.0,16.0,1296.0,7506.0,140.0,270.0,47.0,2.0,78.0,15.0,756.0,1566.0,122.0,270.0,63.0,3.0,63.0,15.0,1188.0,3240.0,130.0,270.0,48.0,4.0,62.0,16.0,1080.0,2754.0,124.0,270.0,46.0
3,2,5,2,2,0.0,62.0,16.0,4266.0,38826.0,280.0,450.0,46.0,1.0,62.0,15.0,3402.0,28998.0,300.0,450.0,47.0,2.0,62.0,16.0,2592.0,1064988.0,404.0,450.0,46.0,3.0,62.0,15.0,2214.0,13230.0,274.0,450.0,47.0,4.0,62.0,16.0,3672.0,119826.0,284.0,450.0,46.0
3,2,5,2,3,0.0,62.0,16.0,6318.0,1359504.0,430.0,630.0,46.0,1.0,62.0,31.0,9396.0,1282392.0,358.0,630.0,31.0,2.0,63.0,15.0,325620.0,2754995490.0,1960.0,630.0,48.0,3.0,63.0,32.0,19926.0,10099296.0,1430.0,630.0,31.0,4.0,62.0,15.0,14256.0,10100214.0,664.0,630.0,47.0
3,2,5,3,1,0.0,62.0,15.0,6426.0,67878.0,310.0,360.0,47.0,1.0,63.0,16.0,1620.0,11880.0,244.0,360.0,47.0,2.0,78.0,15.0,1566.0,3942.0,220.0,360.0,63.0,3.0,81.0,16.0,1242.0,10044.0,196.0,360.0,65.0,4.0,62.0,31.0,1836.0,24030.0,232.0,360.0,31.0
3,2,5,3,2,0.0,78.0,16.0,6912.0,3196800.0,556.0,630.0,62.0,1.0,63.0,16.0,12744.0,324108.0,926.0,630.0,47.0,2.0,63.0,16.0,3942.0,14364.0,398.0,630.0,47.0,3.0,63.0,31.0,5184.0,421686.0,742.0,630.0,32.0,4.0,62.0,32.0,5508.0,913464.0,460.0,630.0,30.0
3,2,5,3,3,0.0,78.0,46.0,93798.0,9298983384.0,9196.0,900.0,32.0,1.0,62.0,31.0,173502.0,2715844302.0,2734.0,900.0,31.0,2.0,78.0,63.0,611874.0,860956074.0,19988.0,900.0,15.0,3.0,78.0,31.0,31104.0,345193255692.0,3184.0,900.0,47.0,4.0,62.0,32.0,22518.0,38326986.0,2006.0,900.0,30.0
3,2,20,0,0,0.0,63.0,0.0,3402.0,3402.0,194.0,360.0,63.0,1.0,62.0,16.0,12474.0,12474.0,212.0,360.0,46.0,2.0,62.0,0.0,5778.0,5778.0,208.0,360.0,62.0,3.0,63.0,16.0,7074.0,7074.0,214.0,360.0,47.0,4.0,63.0,16.0,4320.0,4320.0,202.0,360.0,47.0
3,2,20,1,1,0.0,78.0,16.0,1404108.0,6099030.0,476.0,720.0,62.0,1.0,78.0,31.0,29484.0,28674.0,424.0,720.0,47.0,2.0,78.0,31.0,95472.0,176634.0,482.0,720.0,47.0,3.0,79.0,31.0,69498.0,380970.0,418.0,720.0,48.0,,,,,,,,
3,2,20,1,2,,,,,,,,,,,,,,,,,2.0,94.0,31.0,4246614.0,179823024.0,842.0,1080.0,63.0,,,,,,,,,4.0,78.0,47.0,1298484.0,180300384.0,766.0,1080.0,31.0
3,2,20,1,3,,,,,,,,,1.0,1406.0,62.0,456463188.0,157465431756.0,1224.0,1440.0,1344.0,2.0,94.0,46.0,8540586.0,20920464.0,1002.0,1440.0,48.0,3.0,516.0,47.0,149648634.0,4835539620.0,1310.0,1440.0,469.0,,,,,,,,
3,2,20,2,1,0.0,78.0,31.0,259416.0,3826008.0,748.0,1080.0,47.0,,,,,,,,,,,,,,,,,,,,,,,,,,,,,,,,
3,2,20,2,2,0.0,968.0,94.0,275671998.0,941225184.0,1358.0,1800.0,874.0,,,,,,,,,,,,,,,,,3.0,125.0,110.0,5546340.0,533551158.0,1286.0,1800.0,15.0,,,,,,,,
3,2,20,2,3,,,,,,,,,,,,,,,,,,,,,,,,,3.0,391.0,141.0,87450030.0,119624861551410.0,2330.0,2520.0,250.0,,,,,,,,
3,2,20,3,1,0.0,141.0,63.0,2987658.0,23569596.0,1002.0,1440.0,78.0,1.0,125.0,78.0,1873638.0,291134682.0,1076.0,1440.0,47.0,,,,,,,,,,,,,,,,,4.0,141.0,63.0,6225444.0,66366324.0,992.0,1440.0,78.0
3,2,20,3,2,,,,,,,,,,,,,,,,,,,,,,,,,,,,,,,,,4.0,8108.0,188.0,2393661024.0,472316754456.0,2302.0,2520.0,7920.0
3,2,50,0,0,0.0,156.0,63.0,5349672.0,5349672.0,568.0,900.0,93.0,1.0,203.0,125.0,24577614.0,24577614.0,562.0,900.0,78.0,2.0,140.0,78.0,6365574.0,6006906.0,568.0,900.0,62.0,3.0,141.0,47.0,1806012.0,1806012.0,560.0,900.0,94.0,4.0,110.0,62.0,3005802.0,6911298.0,562.0,900.0,48.0
3,3,5,0,0,0.0,47.0,0.0,108.0,108.0,50.0,270.0,47.0,1.0,47.0,0.0,90.0,90.0,52.0,270.0,47.0,2.0,47.0,0.0,108.0,108.0,56.0,270.0,47.0,3.0,47.0,0.0,108.0,108.0,46.0,270.0,47.0,4.0,47.0,0.0,108.0,108.0,40.0,270.0,47.0
3,3,5,1,1,0.0,63.0,0.0,648.0,1188.0,76.0,540.0,63.0,1.0,46.0,15.0,810.0,810.0,160.0,540.0,31.0,2.0,63.0,16.0,594.0,810.0,124.0,540.0,47.0,3.0,63.0,16.0,810.0,1458.0,166.0,540.0,47.0,4.0,62.0,15.0,324.0,594.0,92.0,540.0,47.0
3,3,5,1,2,0.0,63.0,16.0,1296.0,1620.0,136.0,810.0,47.0,1.0,47.0,0.0,1296.0,1458.0,202.0,810.0,47.0,2.0,63.0,16.0,2106.0,9396.0,170.0,810.0,47.0,3.0,63.0,16.0,1080.0,1350.0,238.0,810.0,47.0,4.0,62.0,16.0,1242.0,2538.0,212.0,810.0,46.0
3,3,5,1,3,0.0,63.0,16.0,1134.0,4482.0,278.0,1080.0,47.0,1.0,47.0,16.0,2430.0,9558.0,296.0,1080.0,31.0,2.0,46.0,16.0,1566.0,5454.0,202.0,1080.0,30.0,3.0,62.0,15.0,1620.0,2268.0,242.0,1080.0,47.0,4.0,62.0,0.0,1242.0,1728.0,188.0,1080.0,62.0
3,3,5,2,1,0.0,62.0,15.0,1458.0,4698.0,182.0,810.0,47.0,1.0,63.0,16.0,540.0,1296.0,110.0,810.0,47.0,2.0,62.0,0.0,1404.0,2700.0,208.0,810.0,62.0,3.0,63.0,16.0,972.0,28350.0,166.0,810.0,47.0,4.0,63.0,16.0,2268.0,3402.0,182.0,810.0,47.0
3,3,5,2,2,0.0,63.0,15.0,3942.0,891324.0,400.0,1350.0,48.0,1.0,62.0,16.0,2106.0,9018.0,274.0,1350.0,46.0,2.0,62.0,16.0,14148.0,295326.0,628.0,1350.0,46.0,3.0,62.0,15.0,2646.0,53514.0,274.0,1350.0,47.0,4.0,62.0,16.0,7776.0,257094.0,388.0,1350.0,46.0
3,3,5,2,3,0.0,63.0,31.0,5508.0,35964.0,602.0,1890.0,32.0,1.0,62.0,15.0,6642.0,123714.0,530.0,1890.0,47.0,2.0,62.0,31.0,12150.0,11164716.0,664.0,1890.0,31.0,3.0,63.0,47.0,11340.0,12759930.0,1468.0,1890.0,16.0,4.0,62.0,16.0,5022.0,140886.0,440.0,1890.0,46.0
3,3,5,3,1,0.0,63.0,16.0,1890.0,9072.0,242.0,1080.0,47.0,1.0,63.0,15.0,1674.0,14580.0,248.0,1080.0,48.0,2.0,63.0,16.0,2214.0,100116.0,298.0,1080.0,47.0,3.0,78.0,16.0,2646.0,80406.0,188.0,1080.0,62.0,4.0,63.0,15.0,2754.0,7074.0,256.0,1080.0,48.0
3,3,5,3,2,0.0,63.0,31.0,10584.0,1125900.0,604.0,1890.0,32.0,1.0,63.0,16.0,7830.0,100563498.0,988.0,1890.0,47.0,2.0,62.0,32.0,12150.0,3898692.0,688.0,1890.0,30.0,3.0,78.0,15.0,6264.0,82620.0,478.0,1890.0,63.0,4.0,78.0,16.0,4698.0,83538.0,484.0,1890.0,62.0
3,3,5,3,3,0.0,62.0,46.0,349758.0,11622623256.0,11348.0,2700.0,16.0,1.0,63.0,31.0,140940.0,317273760.0,4084.0,2700.0,32.0,2.0,63.0,31.0,84564.0,3874391514.0,7018.0,2700.0,32.0,3.0,78.0,31.0,55242.0,455868.0,4860.0,2700.0,47.0,4.0,78.0,31.0,65286.0,431002242.0,3916.0,2700.0,47.0
3,3,20,0,0,0.0,62.0,0.0,33426.0,33426.0,410.0,1080.0,62.0,1.0,63.0,15.0,50544.0,50544.0,424.0,1080.0,48.0,2.0,62.0,15.0,40932.0,40932.0,418.0,1080.0,47.0,3.0,62.0,15.0,55674.0,55674.0,408.0,1080.0,47.0,4.0,47.0,0.0,34272.0,34272.0,404.0,1080.0,47.0
3,3,20,1,1,0.0,78.0,32.0,726354.0,2924370.0,938.0,2160.0,46.0,1.0,78.0,31.0,727866.0,1213380.0,1006.0,2160.0,47.0,,,,,,,,,3.0,74.0,15.0,1102248.0,16689726.0,946.0,2160.0,59.0,,,,,,,,
3,3,20,1,2,0.0,94.0,47.0,3307230.0,17544600.0,1488.0,3240.0,47.0,,,,,,,,,,,,,,,,,3.0,78.0,31.0,1970568.0,75370662.0,1560.0,3240.0,47.0,4.0,78.0,47.0,3350970.0,64114578.0,1646.0,3240.0,31.0
3,3,20,1,3,,,,,,,,,,,,,,,,,,,,,,,,,3.0,78.0,78.0,572670.0,1024812.0,1742.0,4320.0,0.0,4.0,78.0,47.0,1188756.0,3452058.0,1952.0,4320.0,31.0
3,3,20,2,1,,,,,,,,,1.0,94.0,31.0,2339604.0,8147790.0,1454.0,3240.0,63.0,2.0,125.0,47.0,4636278.0,9837612.0,1358.0,3240.0,78.0,3.0,109.0,32.0,2897046.0,17261748.0,1636.0,3240.0,77.0,,,,,,,,
3,3,20,2,2,,,,,,,,,1.0,203.0,62.0,32804352.0,107622594.0,3010.0,5400.0,141.0,2.0,109.0,78.0,7156998.0,52665714.0,2584.0,5400.0,31.0,3.0,297.0,62.0,69077448.0,42075669996.0,3116.0,5400.0,235.0,,,,,,,,
3,3,20,2,3,,,,,,,,,,,,,,,,,2.0,172.0,141.0,21476988.0,83748168.0,3552.0,7560.0,31.0,,,,,,,,,4.0,328.0,141.0,69672960.0,139705487586.0,4510.0,7560.0,187.0
3,3,20,3,1,,,,,,,,,1.0,125.0,63.0,6978312.0,63513234.0,2074.0,4320.0,62.0,2.0,141.0,63.0,12673098.0,333498708.0,2046.0,4320.0,78.0,,,,,,,,,,,,,,,,
3,3,20,3,2,,,,,,,,,1.0,328.0,156.0,71728254.0,43541271684.0,4610.0,7560.0,172.0,,,,,,,,,,,,,,,,,4.0,1063.0,125.0,309490632.0,471193259130.0,4280.0,7560.0,938.0
3,3,20,3,3,0.0,1219.0,344.0,352969650.0,10648781939214.0,5522.0,10800.0,875.0,,,,,,,,,,,,,,,,,,,,,,,,,,,,,,,,
3,5,5,0,0,0.0,47.0,15.0,90.0,90.0,34.0,2430.0,32.0,1.0,47.0,0.0,108.0,108.0,40.0,2430.0,47.0,2.0,47.0,16.0,90.0,90.0,58.0,2430.0,31.0,3.0,47.0,0.0,108.0,108.0,58.0,2430.0,47.0,4.0,63.0,15.0,54.0,54.0,40.0,2430.0,48.0
3,5,5,1,1,0.0,47.0,0.0,972.0,7290.0,244.0,4860.0,47.0,1.0,62.0,16.0,360.0,954.0,70.0,4860.0,46.0,2.0,62.0,16.0,648.0,972.0,118.0,4860.0,46.0,3.0,47.0,0.0,972.0,1242.0,166.0,4860.0,47.0,4.0,47.0,15.0,378.0,378.0,94.0,4860.0,32.0
3,5,5,1,2,0.0,63.0,16.0,1296.0,2106.0,232.0,7290.0,47.0,1.0,63.0,15.0,1782.0,75168.0,256.0,7290.0,48.0,2.0,62.0,15.0,5832.0,79218.0,346.0,7290.0,47.0,3.0,63.0,15.0,1080.0,2106.0,154.0,7290.0,48.0,4.0,62.0,16.0,1944.0,2430.0,322.0,7290.0,46.0
3,5,5,1,3,0.0,62.0,15.0,2106.0,20412.0,296.0,9720.0,47.0,1.0,63.0,31.0,4860.0,5184.0,362.0,9720.0,32.0,2.0,62.0,16.0,1458.0,4536.0,478.0,9720.0,46.0,3.0,62.0,15.0,4374.0,835434.0,1160.0,9720.0,47.0,4.0,47.0,15.0,1296.0,1296.0,216.0,9720.0,32.0
3,5,5,2,1,0.0,63.0,0.0,972.0,1458.0,248.0,7290.0,63.0,1.0,62.0,16.0,1998.0,9018.0,236.0,7290.0,46.0,2.0,63.0,16.0,2052.0,8100.0,242.0,7290.0,47.0,3.0,62.0,16.0,702.0,7290.0,136.0,7290.0,46.0,4.0,62.0,15.0,1350.0,2376.0,142.0,7290.0,47.0
3,5,5,2,2,0.0,62.0,16.0,4644.0,33804.0,558.0,12150.0,46.0,1.0,78.0,15.0,2376.0,20844.0,454.0,12150.0,63.0,2.0,63.0,15.0,4644.0,120690.0,454.0,12150.0,48.0,3.0,62.0,16.0,3294.0,6804.0,520.0,12150.0,46.0,4.0,62.0,15.0,2646.0,9666.0,454.0,12150.0,47.0
3,5,5,2,3,0.0,62.0,32.0,18630.0,427032.0,1070.0,17010.0,30.0,,,,,,,,,2.0,63.0,15.0,6156.0,160218.0,610.0,17010.0,48.0,3.0,62.0,16.0,2754.0,43902.0,332.0,17010.0,46.0,4.0,62.0,16.0,37422.0,1424628.0,2800.0,17010.0,46.0
3,5,5,3,1,0.0,63.0,15.0,2160.0,6804.0,334.0,9720.0,48.0,1.0,78.0,16.0,1242.0,1998.0,266.0,9720.0,62.0,2.0,63.0,15.0,2754.0,11826.0,250.0,9720.0,48.0,3.0,78.0,16.0,3186.0,11178.0,404.0,9720.0,62.0,4.0,78.0,16.0,1512.0,3672.0,206.0,9720.0,62.0
3,5,5,3,2,0.0,63.0,31.0,20304.0,2836998.0,1070.0,17010.0,32.0,1.0,78.0,32.0,33210.0,159354.0,1266.0,17010.0,46.0,2.0,62.0,31.0,6048.0,3604932.0,838.0,17010.0,31.0,3.0,63.0,32.0,7452.0,312660.0,1178.0,17010.0,31.0,4.0,63.0,31.0,3726.0,143478.0,460.0,17010.0,32.0
3,5,5,3,3,0.0,78.0,31.0,37908.0,149202.0,3790.0,24300.0,47.0,1.0,78.0,31.0,23004.0,927180.0,2410.0,24300.0,47.0,2.0,63.0,31.0,24138.0,1291522536.0,1204.0,24300.0,32.0,3.0,63.0,32.0,74844.0,157881906.0,5606.0,24300.0,31.0,4.0,78.0,32.0,74196.0,3922884.0,2690.0,24300.0,46.0
3,5,20,0,0,0.0,63.0,15.0,1713636.0,1713636.0,2126.0,9720.0,48.0,1.0,63.0,16.0,992412.0,992412.0,1892.0,9720.0,47.0,2.0,62.0,15.0,2178252.0,2178252.0,2056.0,9720.0,47.0,3.0,78.0,47.0,5929686.0,5929686.0,2558.0,9720.0,31.0,4.0,78.0,32.0,3013686.0,3013686.0,2252.0,9720.0,46.0
3,5,20,1,1,0.0,94.0,47.0,6343758.0,30230172.0,5378.0,19440.0,47.0,,,,,,,,,2.0,156.0,47.0,15478128.0,17064432.0,4448.0,19440.0,109.0,3.0,141.0,47.0,13553082.0,58898340.0,5164.0,19440.0,94.0,,,,,,,,
3,5,20,1,2,0.0,141.0,47.0,10056798.0,12348774.0,7202.0,29160.0,94.0,,,,,,,,,2.0,125.0,47.0,11461338.0,21053520.0,6872.0,29160.0,78.0,3.0,578.0,62.0,138897828.0,3389466546.0,8292.0,29160.0,516.0,4.0,422.0,94.0,84617946.0,177390486.0,8492.0,29160.0,328.0
3,5,20,1,3,0.0,421.0,62.0,51754626.0,470575332.0,10618.0,38880.0,359.0,1.0,359.0,47.0,66394404.0,2539958472.0,12800.0,38880.0,312.0,,,,,,,,,3.0,4015.0,156.0,996455520.0,60379790958.0,14290.0,38880.0,3859.0,4.0,109.0,47.0,8609490.0,1997944056.0,9516.0,38880.0,62.0
3,5,20,2,1,0.0,235.0,78.0,24732864.0,259199676.0,7526.0,29160.0,157.0,1.0,234.0,78.0,40105206.0,161969220.0,8552.0,29160.0,156.0,,,,,,,,,,,,,,,,,4.0,344.0,47.0,45547920.0,1525814496.0,7610.0,29160.0,297.0
3,5,20,2,2,,,,,,,,,,,,,,,,,2.0,250.0,125.0,30289950.0,292135086.0,10436.0,48600.0,125.0,3.0,360.0,63.0,57792204.0,5990279022.0,10994.0,48600.0,297.0,,,,,,,,
3,5,20,2,3,0.0,406.0,94.0,63016218.0,269097228.0,19882.0,68040.0,312.0,,,,,,,,,,,,,,,,,3.0,3874.0,109.0,1000724544.0,3410367486300.0,22228.0,68040.0,3765.0,4.0,1640.0,125.0,272048220.0,411795261565290.0,23096.0,68040.0,1515.0
3,5,20,3,1,0.0,750.0,125.0,148972608.0,12198738996.0,10202.0,38880.0,625.0,1.0,296.0,62.0,36979254.0,157633128.0,10118.0,38880.0,234.0,,,,,,,,,3.0,360.0,62.0,59312898.0,931965264.0,11228.0,38880.0,298.0,4.0,218.0,78.0,21265416.0,211830390.0,9386.0,38880.0,140.0
3,5,20,3,2,,,,,,,,,1.0,1687.0,203.0,404296110.0,13496601024.0,20270.0,68040.0,1484.0,2.0,610.0,140.0,122744646.0,5907955968.0,18162.0,68040.0,470.0,3.0,656.0,156.0,144439686.0,143577522.0,16564.0,68040.0,500.0,4.0,1500.0,109.0,229267584.0,1180670904.0,20480.0,68040.0,1391.0
3,5,20,3,3,,,,,,,,,,,,,,,,,2.0,1124.0,297.0,213060456.0,37306868058.0,26906.0,97200.0,827.0,3.0,437.0,234.0,66184452.0,5753040552.0,24698.0,97200.0,203.0,,,,,,,,
4,2,5,0,0,0.0,47.0,0.0,96.0,96.0,37.0,240.0,47.0,1.0,47.0,0.0,208.0,208.0,58.0,240.0,47.0,2.0,47.0,0.0,112.0,112.0,49.0,240.0,47.0,3.0,47.0,0.0,256.0,256.0,49.0,240.0,47.0,4.0,63.0,0.0,208.0,208.0,49.0,240.0,63.0
4,2,5,1,1,0.0,63.0,15.0,2176.0,2432.0,129.0,480.0,48.0,1.0,47.0,16.0,2048.0,3328.0,207.0,480.0,31.0,2.0,47.0,0.0,896.0,16704.0,118.0,480.0,47.0,3.0,63.0,15.0,768.0,1664.0,114.0,480.0,48.0,4.0,47.0,0.0,1088.0,6464.0,106.0,480.0,47.0
4,2,5,1,2,0.0,63.0,15.0,10432.0,21056.0,341.0,720.0,48.0,1.0,63.0,16.0,1280.0,2432.0,173.0,720.0,47.0,2.0,63.0,0.0,3584.0,13568.0,202.0,720.0,63.0,3.0,63.0,0.0,2112.0,3776.0,233.0,720.0,63.0,4.0,63.0,0.0,1984.0,2688.0,254.0,720.0,63.0
4,2,5,1,3,0.0,63.0,15.0,2048.0,8128.0,289.0,960.0,48.0,1.0,62.0,16.0,15040.0,18877120.0,793.0,960.0,46.0,2.0,62.0,15.0,9408.0,1314112.0,397.0,960.0,47.0,3.0,62.0,16.0,27904.0,102400.0,730.0,960.0,46.0,4.0,62.0,16.0,5632.0,33024.0,529.0,960.0,46.0
4,2,5,2,1,0.0,63.0,16.0,3968.0,17280.0,261.0,720.0,47.0,1.0,63.0,16.0,3520.0,6272.0,221.0,720.0,47.0,2.0,62.0,16.0,5248.0,16000.0,278.0,720.0,46.0,3.0,63.0,16.0,4032.0,24640.0,281.0,720.0,47.0,4.0,63.0,31.0,928.0,2144.0,145.0,720.0,32.0
4,2,5,2,2,0.0,63.0,16.0,11008.0,343808.0,641.0,1200.0,47.0,1.0,78.0,16.0,3392.0,9728.0,441.0,1200.0,62.0,2.0,62.0,31.0,16768.0,990848.0,782.0,1200.0,31.0,3.0,62.0,16.0,14208.0,5410560.0,1029.0,1200.0,46.0,4.0,63.0,32.0,3904.0,9344.0,357.0,1200.0,31.0
4,2,5,2,3,0.0,62.0,16.0,25152.0,536882176.0,1837.0,1680.0,46.0,1.0,63.0,32.0,63680.0,117971008.0,2662.0,1680.0,31.0,2.0,63.0,15.0,30400.0,357952.0,1558.0,1680.0,48.0,3.0,63.0,15.0,46976.0,10494016.0,2674.0,1680.0,48.0,4.0,63.0,32.0,74880.0,23865152.0,3442.0,1680.0,31.0
4,2,5,3,1,0.0,63.0,15.0,6784.0,272512.0,370.0,960.0,48.0,1.0,63.0,31.0,4352.0,69376.0,346.0,960.0,32.0,2.0,62.0,31.0,31680.0,1060672.0,722.0,960.0,31.0,3.0,78.0,15.0,13696.0,73280.0,389.0,960.0,63.0,4.0,63.0,16.0,7232.0,462976.0,385.0,960.0,47.0
4,2,5,3,2,0.0,78.0,47.0,241408.0,100930944.0,6486.0,1680.0,31.0,1.0,62.0,15.0,46720.0,109598848.0,2609.0,1680.0,47.0,2.0,78.0,31.0,28544.0,537011392.0,1149.0,1680.0,47.0,3.0,63.0,31.0,460032.0,7180661120.0,7501.0,1680.0,32.0,4.0,63.0,31.0,40192.0,469968896.0,1965.0,1680.0,32.0
4,2,5,3,3,0.0,79.0,47.0,206272.0,10745814976.0,9634.0,2400.0,32.0,1.0,94.0,312.0,1537600.0,2474169940992.0,147886.0,2400.0,-218.0,2.0,63.0,47.0,28752.0,485712.0,2479.0,2400.0,16.0,3.0,78.0,47.0,35216.0,438639136.0,2989.0,2400.0,31.0,4.0,94.0,109.0,1809344.0,23085598208.0,37438.0,2400.0,-15.0
4,2,20,0,0,0.0,62.0,15.0,22816.0,22816.0,325.0,960.0,47.0,1.0,62.0,16.0,44608.0,47680.0,349.0,960.0,46.0,2.0,63.0,16.0,11136.0,10368.0,322.0,960.0,47.0,3.0,63.0,16.0,24208.0,24208.0,325.0,960.0,47.0,4.0,63.0,16.0,51088.0,51088.0,325.0,960.0,47.0
4,2,20,1,1,,,,,,,,,1.0,110.0,32.0,8372800.0,170435648.0,897.0,1920.0,78.0,,,,,,,,,,,,,,,,,4.0,78.0,31.0,3432960.0,9522688.0,813.0,1920.0,47.0
4,2,20,1,2,0.0,78.0,47.0,1733248.0,115732864.0,1357.0,2880.0,31.0,1.0,78.0,47.0,160768.0,1065728.0,957.0,2880.0,31.0,2.0,156.0,47.0,24819520.0,1086215936.0,1505.0,2880.0,109.0,3.0,79.0,47.0,2453568.0,17529536.0,1250.0,2880.0,32.0,,,,,,,,
4,2,20,1,3,,,,,,,,,,,,,,,,,2.0,5593.0,47.0,1723992320.0,11710112512.0,1954.0,3840.0,5546.0,,,,,,,,,,,,,,,,
4,2,20,2,1,,,,,,,,,,,,,,,,,,,,,,,,,3.0,2922.0,47.0,829942400.0,345330054272.0,1470.0,2880.0,2875.0,4.0,515.0,47.0,121039552.0,4709141760.0,1486.0,2880.0,468.0
4,2,20,2,2,,,,,,,,,,,,,,,,,,,,,,,,,,,,,,,,,4.0,203.0,109.0,36088064.0,1752873216.0,2665.0,4800.0,94.0
4,2,20,2,3,,,,,,,,,1.0,890.0,266.0,232499200.0,17747429632.0,4117.0,6720.0,624.0,,,,,,,,,,,,,,,,,,,,,,,,
4,2,20,3,1,,,,,,,,,,,,,,,,,,,,,,,,,3.0,1235.0,62.0,363342848.0,30374176576.0,1961.0,3840.0,1173.0,,,,,,,,
4,2,20,3,2,,,,,,,,,1.0,437.0,203.0,111762560.0,17678152553856.0,3645.0,6720.0,234.0,,,,,,,,,,,,,,,,,,,,,,,,
4,2,50,0,0,0.0,219.0,156.0,32332944.0,32332944.0,913.0,2400.0,63.0,1.0,5796.0,6389.0,1229919232.0,1292830720.0,922.0,2400.0,-593.0,2.0,500.0,531.0,127674640.0,127674640.0,919.0,2400.0,-31.0,3.0,281.0,250.0,44786688.0,44792832.0,937.0,2400.0,31.0,4.0,141.0,93.0,13561168.0,14519632.0,913.0,2400.0,48.0
4,3,5,0,0,0.0,62.0,0.0,256.0,256.0,73.0,960.0,62.0,1.0,47.0,0.0,272.0,272.0,97.0,960.0,47.0,2.0,47.0,0.0,128.0,128.0,58.0,960.0,47.0,3.0,47.0,0.0,512.0,512.0,151.0,960.0,47.0,4.0,47.0,0.0,320.0,320.0,106.0,960.0,47.0
4,3,5,1,1,0.0,63.0,16.0,1280.0,1280.0,222.0,1920.0,47.0,1.0,62.0,0.0,2880.0,5184.0,154.0,1920.0,62.0,2.0,47.0,0.0,1856.0,4864.0,157.0,1920.0,47.0,3.0,47.0,15.0,1280.0,3968.0,106.0,1920.0,32.0,4.0,62.0,16.0,1024.0,5184.0,189.0,1920.0,46.0
4,3,5,1,2,0.0,62.0,16.0,7744.0,16640.0,278.0,2880.0,46.0,1.0,63.0,15.0,4032.0,16448.0,293.0,2880.0,48.0,2.0,47.0,15.0,7936.0,59392.0,350.0,2880.0,32.0,3.0,63.0,0.0,9472.0,20480.0,422.0,2880.0,63.0,4.0,63.0,16.0,3584.0,6144.0,422.0,2880.0,47.0
4,3,5,1,3,0.0,62.0,16.0,6720.0,248896.0,565.0,3840.0,46.0,1.0,62.0,15.0,7168.0,17408.0,709.0,3840.0,47.0,2.0,47.0,16.0,4992.0,67712.0,511.0,3840.0,31.0,3.0,62.0,16.0,20992.0,397568.0,745.0,3840.0,46.0,4.0,62.0,16.0,12288.0,75776.0,829.0,3840.0,46.0
4,3,5,2,1,0.0,62.0,16.0,3456.0,12864.0,309.0,2880.0,46.0,1.0,62.0,16.0,4480.0,12032.0,394.0,2880.0,46.0,2.0,62.0,15.0,1856.0,8064.0,273.0,2880.0,47.0,3.0,62.0,15.0,7296.0,56576.0,417.0,2880.0,47.0,4.0,62.0,16.0,3904.0,7680.0,429.0,2880.0,46.0
4,3,5,2,2,0.0,62.0,47.0,129024.0,12820480.0,17709.0,4800.0,15.0,1.0,63.0,16.0,89728.0,21240768.0,2670.0,4800.0,47.0,2.0,62.0,31.0,8192.0,91904.0,809.0,4800.0,31.0,3.0,63.0,31.0,7680.0,334976.0,713.0,4800.0,32.0,4.0,63.0,15.0,133760.0,156288.0,4297.0,4800.0,48.0
4,3,5,2,3,0.0,62.0,31.0,82944.0,1375232.0,2821.0,6720.0,31.0,1.0,63.0,32.0,76736.0,155136.0,1561.0,6720.0,31.0,2.0,62.0,15.0,13760.0,1872064.0,1078.0,6720.0,47.0,3.0,62.0,32.0,818176.0,549760017664.0,4381.0,6720.0,30.0,4.0,79.0,16.0,69568.0,3170240.0,5809.0,6720.0,63.0
4,3,5,3,1,0.0,78.0,16.0,10816.0,4205632.0,425.0,3840.0,62.0,1.0,78.0,15.0,5760.0,71424.0,369.0,3840.0,63.0,2.0,78.0,16.0,19968.0,265216.0,790.0,3840.0,62.0,3.0,63.0,15.0,16704.0,16960.0,1693.0,3840.0,48.0,4.0,62.0,15.0,3584.0,5632.0,425.0,3840.0,47.0
4,3,5,3,2,0.0,79.0,32.0,92288.0,7516199296.0,2157.0,6720.0,47.0,1.0,62.0,16.0,31616.0,9442368.0,2149.0,6720.0,46.0,2.0,62.0,31.0,135168.0,335564288.0,6742.0,6720.0,31.0,,,,,,,,,4.0,62.0,16.0,51712.0,117450752.0,2118.0,6720.0,46.0
4,3,5,3,3,0.0,472.0,46.0,116480.0,120338796672.0,4225.0,9600.0,426.0,1.0,78.0,31.0,293696.0,158376976064.0,7789.0,9600.0,47.0,2.0,79.0,171.0,983040.0,142807696384.0,71617.0,9600.0,-92.0,,,,,,,,,,,,,,,,
4,3,20,0,0,0.0,63.0,16.0,1417024.0,1417024.0,1033.0,3840.0,47.0,1.0,62.0,15.0,1261312.0,1261312.0,889.0,3840.0,47.0,2.0,62.0,16.0,676416.0,676416.0,907.0,3840.0,46.0,3.0,62.0,0.0,527104.0,527104.0,985.0,3840.0,62.0,4.0,62.0,16.0,654336.0,654336.0,937.0,3840.0,46.0
4,3,20,1,1,0.0,156.0,31.0,16120320.0,65363456.0,1863.0,7680.0,125.0,,,,,,,,,2.0,125.0,31.0,11341056.0,68320256.0,2058.0,7680.0,94.0,3.0,94.0,15.0,5254912.0,305597440.0,1889.0,7680.0,79.0,4.0,109.0,15.0,7324928.0,35009024.0,2089.0,7680.0,94.0
4,3,20,1,3,,,,,,,,,1.0,109.0,62.0,8982272.0,1353416448.0,4777.0,15360.0,47.0,,,,,,,,,,,,,,,,,4.0,95836.0,94.0,3844420096.0,965329891840.0,5698.0,15360.0,95742.0
4,3,20,2,1,,,,,,,,,,,,,,,,,,,,,,,,,3.0,296.0,47.0,53131776.0,1387458048.0,3681.0,11520.0,249.0,4.0,296.0,31.0,63316736.0,520598272.0,3605.0,11520.0,265.0
4,3,20,2,2,,,,,,,,,,,,,,,,,2.0,8029.0,63.0,2048587008.0,5773514788096.0,7601.0,19200.0,7966.0,3.0,968.0,93.0,296074752.0,2359446016.0,6441.0,19200.0,875.0,,,,,,,,
4,3,20,3,1,,,,,,,,,1.0,1187.0,47.0,353553152.0,217134501120.0,3809.0,15360.0,1140.0,,,,,,,,,3.0,5108.0,62.0,1304472832.0,277496300800.0,6849.0,15360.0,5046.0,4.0,640.0,78.0,146007040.0,86346778624.0,5370.0,15360.0,562.0
4,5,5,0,0,0.0,46.0,16.0,320.0,320.0,118.0,15360.0,30.0,1.0,47.0,15.0,320.0,320.0,121.0,15360.0,32.0,2.0,47.0,16.0,512.0,512.0,157.0,15360.0,31.0,3.0,47.0,0.0,0.0,0.0,346.0,15360.0,47.0,4.0,47.0,0.0,208.0,208.0,49.0,15360.0,47.0
4,5,5,1,1,0.0,62.0,16.0,1936.0,2240.0,141.0,30720.0,46.0,1.0,47.0,0.0,1280.0,6720.0,157.0,30720.0,47.0,2.0,47.0,15.0,5376.0,10240.0,373.0,30720.0,32.0,3.0,47.0,16.0,1216.0,1472.0,126.0,30720.0,31.0,4.0,47.0,15.0,768.0,1984.0,117.0,30720.0,32.0
4,5,5,1,2,0.0,63.0,16.0,19264.0,53504.0,337.0,46080.0,47.0,1.0,47.0,0.0,20224.0,220160.0,598.0,46080.0,47.0,2.0,47.0,0.0,9856.0,22656.0,389.0,46080.0,47.0,3.0,47.0,15.0,7296.0,13312.0,442.0,46080.0,32.0,4.0,47.0,16.0,24832.0,205056.0,469.0,46080.0,31.0
4,5,5,1,3,0.0,47.0,16.0,151296.0,268444416.0,5530.0,61440.0,31.0,1.0,63.0,16.0,3584.0,5056.0,370.0,61440.0,47.0,2.0,62.0,16.0,5568.0,9024.0,385.0,61440.0,46.0,3.0,47.0,16.0,4032.0,77056.0,541.0,61440.0,31.0,4.0,62.0,0.0,6912.0,84224.0,382.0,61440.0,62.0
4,5,5,2,1,0.0,62.0,15.0,1088.0,10048.0,229.0,46080.0,47.0,1.0,62.0,15.0,3072.0,53248.0,377.0,46080.0,47.0,2.0,62.0,15.0,5632.0,7936.0,369.0,46080.0,47.0,3.0,63.0,16.0,4736.0,16384.0,429.0,46080.0,47.0,4.0,63.0,16.0,4864.0,67456.0,245.0,46080.0,47.0
4,5,5,2,2,0.0,62.0,16.0,46208.0,324416.0,1854.0,76800.0,46.0,1.0,63.0,16.0,18688.0,1059328.0,581.0,76800.0,47.0,2.0,63.0,16.0,13312.0,368640.0,933.0,76800.0,47.0,3.0,62.0,31.0,11264.0,101632.0,1137.0,76800.0,31.0,4.0,63.0,16.0,22144.0,263424.0,1471.0,76800.0,47.0
4,5,5,2,3,0.0,63.0,15.0,29376.0,381120.0,3271.0,107520.0,48.0,1.0,62.0,32.0,74688.0,1621236224.0,3025.0,107520.0,30.0,2.0,62.0,32.0,24192.0,7344896.0,1237.0,107520.0,30.0,3.0,62.0,31.0,123584.0,471871936.0,3478.0,107520.0,31.0,4.0,63.0,15.0,40896.0,670912.0,2050.0,107520.0,48.0
4,5,5,3,1,,,,,,,,,1.0,62.0,16.0,5504.0,22336.0,362.0,61440.0,46.0,2.0,78.0,16.0,8384.0,26368.0,530.0,61440.0,62.0,3.0,78.0,16.0,3648.0,27072.0,349.0,61440.0,62.0,4.0,63.0,15.0,17600.0,244736.0,1533.0,61440.0,48.0
4,5,5,3,2,0.0,62.0,47.0,361472.0,1019254784.0,12869.0,107520.0,15.0,1.0,62.0,16.0,28672.0,138240.0,1169.0,107520.0,46.0,2.0,63.0,16.0,59904.0,402659072.0,3742.0,107520.0,47.0,3.0,63.0,16.0,78080.0,37755264.0,1933.0,107520.0,47.0,4.0,62.0,15.0,30208.0,101198080.0,2037.0,107520.0,47.0
4,5,20,0,0,0.0,1047.0,1156.0,225185792.0,225185792.0,8935.0,61440.0,-109.0,1.0,125.0,109.0,12065792.0,12065792.0,6253.0,61440.0,16.0,2.0,171.0,172.0,20606976.0,20606976.0,8365.0,61440.0,-1.0,3.0,79.0,47.0,5402624.0,5402624.0,6697.0,61440.0,32.0,4.0,2968.0,3312.0,346165248.0,346165248.0,7213.0,61440.0,-344.0
4,5,20,1,1,0.0,4608.0,640.0,414422016.0,17671721984.0,21013.0,122880.0,3968.0,,,,,,,,,,,,,,,,,3.0,1328.0,281.0,201523200.0,792084480.0,20857.0,122880.0,1047.0,4.0,12497.0,1016.0,1874235392.0,17343451136.0,19210.0,122880.0,11481.0
4,5,20,1,2,,,,,,,,,,,,,,,,,,,,,,,,,3.0,3718.0,546.0,660611072.0,14855053312.0,40109.0,184320.0,3172.0,,,,,,,,
4,5,20,1,3,0.0,308723.0,893275.0,3488298240.0,13980857600.0,36982.0,245760.0,-584552.0,,,,,,,,,,,,,,,,,,,,,,,,,,,,,,,,
4,5,20,2,1,0.0,2577.0,1453.0,477565952.0,10274493440.0,29397.0,184320.0,1124.0,1.0,4515.0,297.0,391706624.0,1896002560.0,27369.0,184320.0,4218.0,2.0,10170.0,312.0,1189428224.0,5331549184.0,28737.0,184320.0,9858.0,3.0,6842.0,2203.0,1265541120.0,5887893504.0,36549.0,184320.0,4639.0,,,,,,,,
4,5,20,2,2,,,,,,,,,,,,,,,,,2.0,8279.0,1000.0,804665600.0,1549334784.0,43610.0,307200.0,7279.0,3.0,12419.0,1125.0,1848449024.0,60748240896.0,40374.0,307200.0,11294.0,4.0,2031.0,297.0,381816832.0,3596505088.0,65481.0,307200.0,1734.0
4,5,20,2,3,,,,,,,,,1.0,10310.0,344.0,1969266688.0,2204199317504.0,68989.0,430080.0,9966.0,,,,,,,,,,,,,,,,,,,,,,,,
4,5,20,3,1,,,,,,,,,,,,,,,,,2.0,4738.0,141.0,895205376.0,9463549952.0,44947.0,245760.0,4597.0,3.0,7686.0,203.0,772542464.0,16692441088.0,38102.0,245760.0,7483.0,4.0,9498.0,2437.0,1272291328.0,287194390528.0,41593.0,245760.0,7061.0
