,,,,,Fold = 1,Fold = 1,Fold = 1,Fold = 1,Fold = 1,Fold = 1,Fold = 1,Fold = 1,Fold = 2,Fold = 2,Fold = 2,Fold = 2,Fold = 2,Fold = 2,Fold = 2,Fold = 2,Fold = 3,Fold = 3,Fold = 3,Fold = 3,Fold = 3,Fold = 3,Fold = 3,Fold = 3,Fold = 4,Fold = 4,Fold = 4,Fold = 4,Fold = 4,Fold = 4,Fold = 4,Fold = 4,Fold = 5,Fold = 5,Fold = 5,Fold = 5,Fold = 5,Fold = 5,Fold = 5,Fold = 5,Avg_Hugin,Avg_SIIC,Avg_HuginCost,Avg_SIICCost,Avg_complexity,Avg_RComplexity,Avg_difference,STD_Hugin,STD_SIIC,STD_HuginCost,STD_SIICCost,STD_complexity,STD_RComplexity,STD_difference
,,,,,fold,Hugin,SIIC,RComplexity,HuginCost,SIICCost,complexity,difference,fold,Hugin,SIIC,RComplexity,HuginCost,SIICCost,complexity,difference,fold,Hugin,SIIC,RComplexity,HuginCost,SIICCost,complexity,difference,fold,Hugin,SIIC,RComplexity,HuginCost,SIICCost,complexity,difference,fold,Hugin,SIIC,RComplexity,HuginCost,SIICCost,complexity,difference,,,,,,,,,,,,,,
NOS,NOPar,NON,NOC,NOO,,,,,,,,,,,,,,,,,,,,,,,,,,,,,,,,,,,,,,,,,,,,,,,,,,,,,,
2,2,5,0,0,0.0,46.0,16.0,24.0,24.0,19.0,20.0,30.0,1.0,63.0,16.0,28.0,28.0,23.0,20.0,47.0,2.0,47.0,0.0,32.0,32.0,23.0,20.0,47.0,3.0,47.0,0.0,24.0,24.0,23.0,20.0,47.0,4.0,47.0,0.0,32.0,32.0,23.0,20.0,47.0,50.0,6.4,28.0,22.2,20.0,28.0,43.6,7.280109889280518,8.763560920082659,4.0,1.7888543819998315,0.0,4.0,7.602631123499286
2,2,5,1,1,0.0,47.0,0.0,160.0,176.0,52.0,40.0,47.0,1.0,62.0,0.0,104.0,96.0,45.0,40.0,62.0,2.0,63.0,15.0,104.0,136.0,45.0,40.0,48.0,3.0,63.0,0.0,96.0,104.0,43.0,40.0,63.0,4.0,47.0,16.0,112.0,120.0,47.0,40.0,31.0,56.4,6.2,126.4,46.4,40.0,115.2,50.2,8.590692637965812,8.497058314499203,31.69858040985432,3.4351128074635335,0.0,25.674890457409944,13.103434664239753
2,2,5,1,2,0.0,63.0,16.0,384.0,1680.0,79.0,60.0,47.0,1.0,63.0,0.0,152.0,616.0,60.0,60.0,63.0,2.0,63.0,16.0,176.0,200.0,65.0,60.0,47.0,3.0,62.0,16.0,200.0,384.0,71.0,60.0,46.0,4.0,47.0,15.0,160.0,192.0,55.0,60.0,32.0,59.6,12.6,614.4,66.0,60.0,214.4,47.0,7.05691150575094,7.05691150575094,620.2296348933997,9.38083151964686,0.0,96.56500401284102,10.977249200050075
2,2,5,1,3,0.0,62.0,15.0,296.0,432.0,92.0,80.0,47.0,1.0,62.0,15.0,224.0,1832.0,93.0,80.0,47.0,2.0,62.0,16.0,408.0,496.0,83.0,80.0,46.0,3.0,63.0,16.0,400.0,2816.0,115.0,80.0,47.0,4.0,62.0,16.0,416.0,2432.0,95.0,80.0,46.0,62.2,15.6,1601.6,95.6,80.0,348.8,46.6,0.4472135954999579,0.5477225575051662,1096.3269585301641,11.781341180018513,0.0,85.1539781807051,0.5477225575051661
2,2,5,2,1,0.0,62.0,16.0,272.0,1264.0,69.0,60.0,46.0,1.0,63.0,16.0,184.0,192.0,58.0,60.0,47.0,2.0,62.0,16.0,304.0,720.0,79.0,60.0,46.0,3.0,62.0,15.0,320.0,336.0,70.0,60.0,47.0,4.0,78.0,16.0,216.0,336.0,74.0,60.0,62.0,65.4,15.8,569.6,70.0,60.0,259.2,49.6,7.05691150575094,0.4472135954999579,434.8940100760184,7.7781745930520225,0.0,57.85499114164654,6.9498201415576215
2,2,5,2,2,0.0,63.0,15.0,360.0,640.0,117.0,100.0,48.0,1.0,78.0,15.0,368.0,944.0,121.0,100.0,63.0,2.0,62.0,16.0,560.0,3456.0,127.0,100.0,46.0,3.0,63.0,16.0,608.0,1056.0,119.0,100.0,47.0,4.0,62.0,16.0,368.0,528.0,128.0,100.0,46.0,65.6,15.6,1324.8,122.4,100.0,452.8,50.0,6.949820141557621,0.5477225575051662,1210.6936854547478,4.878524367060187,0.0,121.00909056760983,7.314369419163897
2,2,5,2,3,0.0,63.0,15.0,1552.0,19104.0,191.0,140.0,48.0,1.0,63.0,15.0,1008.0,12896.0,200.0,140.0,48.0,2.0,78.0,31.0,904.0,10984.0,167.0,140.0,47.0,,,,,,,,,4.0,62.0,31.0,744.0,2232.0,146.0,140.0,31.0,66.5,23.0,11304.0,176.0,140.0,1052.0,43.5,7.681145747868608,9.237604307034012,6970.845190266864,24.372115213907882,0.0,350.57286451368896,8.34665601703261
2,2,5,3,1,0.0,62.0,15.0,368.0,1408.0,95.0,80.0,47.0,1.0,62.0,16.0,392.0,1256.0,91.0,80.0,46.0,2.0,62.0,31.0,312.0,512.0,93.0,80.0,31.0,3.0,63.0,16.0,376.0,8960.0,101.0,80.0,47.0,4.0,62.0,16.0,368.0,984.0,83.0,80.0,46.0,62.2,18.8,2624.0,92.6,80.0,363.2,43.4,0.4472135954999579,6.833739825307955,3558.269242201888,6.542170893518451,0.0,30.252272641902458,6.9498201415576215
2,2,5,3,2,0.0,62.0,31.0,1856.0,131584.0,276.0,140.0,31.0,1.0,63.0,32.0,1632.0,57744.0,292.0,140.0,31.0,2.0,78.0,31.0,688.0,4488.0,176.0,140.0,47.0,3.0,62.0,15.0,1760.0,31232.0,207.0,140.0,47.0,4.0,63.0,16.0,1472.0,238000.0,235.0,140.0,47.0,65.6,25.0,92609.6,237.2,140.0,1481.6,40.6,6.9498201415576215,8.689073598491383,94081.89052522277,47.88214698611582,0.0,466.42126881178996,8.763560920082657
2,2,5,3,3,0.0,78.0,16.0,3488.0,235912.0,319.0,200.0,62.0,1.0,63.0,47.0,5480.0,129528.0,413.0,200.0,16.0,2.0,63.0,31.0,1992.0,109032.0,335.0,200.0,32.0,3.0,78.0,32.0,2136.0,590424.0,381.0,200.0,46.0,4.0,63.0,47.0,4736.0,53704.0,677.0,200.0,16.0,69.0,34.6,223720.0,425.0,200.0,3566.4,34.4,8.215838362577491,12.973048986263793,215378.37573906995,145.70518178843196,0.0,1546.0235444520242,19.86957473123167
2,2,20,0,0,0.0,62.0,0.0,888.0,888.0,111.0,80.0,62.0,1.0,63.0,16.0,572.0,572.0,109.0,80.0,47.0,2.0,62.0,0.0,696.0,696.0,110.0,80.0,62.0,3.0,63.0,16.0,816.0,816.0,109.0,80.0,47.0,4.0,63.0,0.0,804.0,804.0,106.0,80.0,63.0,62.6,6.4,755.2,109.0,80.0,755.2,56.2,0.5477225575051661,8.763560920082659,123.26881195176662,1.8708286933869707,0.0,123.26881195176662,8.408329203831164
2,2,20,1,1,,,,,,,,,,,,,,,,,,,,,,,,,3.0,78.0,31.0,11584.0,98392.0,221.0,160.0,47.0,4.0,78.0,31.0,25648.0,170960.0,244.0,160.0,47.0,78.0,31.0,134676.0,232.5,160.0,18616.0,47.0,0.0,0.0,51313.32489714538,16.263455967290593,0.0,9944.749770607605,0.0
2,2,20,1,2,0.0,78.0,47.0,53656.0,102072.0,362.0,240.0,31.0,1.0,63.0,47.0,17392.0,39464.0,345.0,240.0,16.0,2.0,78.0,47.0,16928.0,163360.0,369.0,240.0,31.0,,,,,,,,,4.0,62.0,62.0,31232.0,108368.0,342.0,240.0,0.0,70.25,50.75,103316.0,354.5,240.0,29802.0,19.5,8.958236433584458,7.5,50693.29370505202,13.076696830622021,0.0,17231.813524215417,14.798648586948742
2,2,20,1,3,,,,,,,,,1.0,78.0,63.0,25208.0,120784.0,470.0,320.0,15.0,,,,,,,,,,,,,,,,,4.0,78.0,47.0,111656.0,9781304.0,490.0,320.0,31.0,78.0,55.0,4951044.0,480.0,320.0,68432.0,23.0,0.0,11.313708498984761,6831019.201788266,14.142135623730951,0.0,61127.96702001466,11.313708498984761
2,2,20,2,1,0.0,94.0,47.0,10288.0,27368.0,328.0,240.0,47.0,,,,,,,,,,,,,,,,,,,,,,,,,,,,,,,,,94.0,47.0,27368.0,328.0,240.0,10288.0,47.0,,,,,,,
2,2,20,2,2,,,,,,,,,1.0,110.0,94.0,277024.0,15824384.0,618.0,400.0,16.0,,,,,,,,,3.0,78.0,109.0,397568.0,289632.0,585.0,400.0,-31.0,,,,,,,,,94.0,101.5,8057008.0,601.5,400.0,337296.0,-7.5,22.627416997969522,10.606601717798213,10984728.483251281,23.33452377915607,0.0,85237.47983135119,33.23401871576773
2,2,20,2,3,,,,,,,,,1.0,125.0,156.0,314376.0,175452416.0,891.0,560.0,-31.0,,,,,,,,,3.0,94.0,156.0,974984.0,1624233928.0,860.0,560.0,-62.0,,,,,,,,,109.5,156.0,899843172.0,875.5,560.0,644680.0,-46.5,21.920310216782973,0.0,1024443231.5928994,21.920310216782973,0.0,467120.3965060828,21.920310216782973
2,2,20,3,1,,,,,,,,,,,,,,,,,2.0,109.0,78.0,28328.0,115504.0,489.0,320.0,31.0,3.0,110.0,47.0,185720.0,17259288.0,498.0,320.0,63.0,4.0,110.0,62.0,326424.0,444808.0,469.0,320.0,48.0,109.66666666666667,62.333333333333336,5939866.666666667,485.3333333333333,320.0,180157.33333333334,47.333333333333336,0.5773502691896257,15.50268793897798,9804289.10080916,14.843629385474879,0.0,149125.83193173923,16.010413278030438
2,2,20,3,2,0.0,125.0,156.0,4954048.0,6745682224.0,931.0,560.0,-31.0,,,,,,,,,,,,,,,,,3.0,125.0,187.0,1199952.0,8573888.0,865.0,560.0,-62.0,,,,,,,,,125.0,171.5,3377128056.0,898.0,560.0,3077000.0,-46.5,0.0,21.920310216782973,4763854989.974017,46.66904755831214,0.0,2654546.7388252933,21.920310216782973
2,2,20,3,3,,,,,,,,,,,,,,,,,2.0,250.0,500.0,41531088.0,347986529336.0,1350.0,800.0,-250.0,,,,,,,,,,,,,,,,,250.0,500.0,347986529336.0,1350.0,800.0,41531088.0,-250.0,,,,,,,
2,2,50,0,0,0.0,85.0,31.0,21296.0,21296.0,289.0,200.0,54.0,1.0,100.0,47.0,40340.0,40340.0,286.0,200.0,53.0,2.0,97.0,32.0,36344.0,36344.0,291.0,200.0,65.0,3.0,109.0,47.0,156120.0,108248.0,285.0,200.0,62.0,4.0,110.0,31.0,109100.0,109100.0,291.0,200.0,79.0,100.2,37.6,63065.6,288.4,200.0,72640.0,62.6,10.183319694480774,8.590692637965812,42236.866417858226,2.792848008753788,0.0,57652.272184190624,10.502380682492898
2,2,50,1,1,0.0,750.0,78.0,160307400.0,87355896.0,618.0,400.0,672.0,1.0,188.0,109.0,5108816.0,24585360.0,614.0,400.0,79.0,,,,,,,,,,,,,,,,,,,,,,,,,469.0,93.5,55970628.0,616.0,400.0,82708108.0,375.5,397.39401102683973,21.920310216782973,44385471.66431431,2.8284271247461903,0.0,109741971.17695002,419.31432124362266
2,2,50,1,2,0.0,219.0,219.0,17020784.0,162366464.0,905.0,600.0,0.0,,,,,,,,,,,,,,,,,,,,,,,,,,,,,,,,,219.0,219.0,162366464.0,905.0,600.0,17020784.0,0.0,,,,,,,
2,2,50,2,1,,,,,,,,,,,,,,,,,2.0,4639.0,250.0,1318162352.0,949363776.0,934.0,600.0,4389.0,,,,,,,,,,,,,,,,,4639.0,250.0,949363776.0,934.0,600.0,1318162352.0,4389.0,,,,,,,
2,3,5,0,0,0.0,47.0,0.0,32.0,32.0,27.0,40.0,47.0,1.0,46.0,16.0,32.0,32.0,23.0,40.0,30.0,2.0,47.0,0.0,20.0,20.0,21.0,40.0,47.0,3.0,47.0,0.0,32.0,32.0,23.0,40.0,47.0,4.0,47.0,0.0,24.0,24.0,25.0,40.0,47.0,46.8,3.2,28.0,23.8,40.0,28.0,43.6,0.4472135954999579,7.155417527999329,5.656854249492381,2.2803508501982757,0.0,5.656854249492381,7.602631123499286
2,3,5,1,1,0.0,62.0,16.0,112.0,288.0,49.0,80.0,46.0,1.0,62.0,0.0,112.0,104.0,55.0,80.0,62.0,2.0,47.0,15.0,152.0,200.0,57.0,80.0,32.0,3.0,46.0,16.0,176.0,272.0,47.0,80.0,30.0,4.0,62.0,0.0,120.0,144.0,42.0,80.0,62.0,55.8,9.4,201.6,50.0,80.0,134.4,46.4,8.497058314499201,8.590692637965812,79.47829892492668,6.082762530298219,0.0,28.50964748992874,15.517731793016658
2,3,5,1,2,0.0,62.0,15.0,140.0,164.0,67.0,120.0,47.0,1.0,62.0,0.0,208.0,272.0,79.0,120.0,62.0,2.0,63.0,16.0,400.0,400.0,83.0,120.0,47.0,3.0,62.0,16.0,144.0,184.0,77.0,120.0,46.0,4.0,62.0,15.0,232.0,320.0,83.0,120.0,47.0,62.2,12.4,268.0,77.8,120.0,224.8,49.8,0.4472135954999579,6.9498201415576215,97.48846085563153,6.572670690061993,0.0,105.76956083864582,6.833739825307954
2,3,5,1,3,0.0,63.0,16.0,528.0,976.0,111.0,160.0,47.0,1.0,63.0,16.0,552.0,1440.0,99.0,160.0,47.0,2.0,63.0,16.0,296.0,552.0,105.0,160.0,47.0,3.0,47.0,0.0,264.0,360.0,109.0,160.0,47.0,4.0,62.0,15.0,592.0,2112.0,110.0,160.0,47.0,59.6,12.6,1088.0,106.8,160.0,446.4,47.0,7.05691150575094,7.05691150575094,707.5139574594978,4.919349550499538,0.0,154.02856877865224,0.0
2,3,5,2,1,0.0,63.0,31.0,200.0,672.0,73.0,120.0,32.0,1.0,78.0,16.0,224.0,344.0,74.0,120.0,62.0,2.0,63.0,16.0,216.0,408.0,80.0,120.0,47.0,3.0,78.0,16.0,288.0,416.0,70.0,120.0,62.0,4.0,62.0,16.0,208.0,464.0,81.0,120.0,46.0,68.8,19.0,460.8,75.6,120.0,227.2,49.8,8.408329203831164,6.708203932499369,125.5515830246676,4.722287581247038,0.0,35.14541221838207,12.617448236470002
2,3,5,2,2,0.0,78.0,15.0,656.0,5584.0,136.0,200.0,63.0,1.0,63.0,16.0,512.0,1024.0,139.0,200.0,47.0,2.0,63.0,16.0,720.0,1632.0,118.0,200.0,47.0,3.0,62.0,16.0,384.0,496.0,132.0,200.0,46.0,4.0,62.0,15.0,320.0,24832.0,139.0,200.0,47.0,65.6,15.6,6713.6,132.8,200.0,518.4,50.0,6.949820141557621,0.5477225575051661,10324.790206101043,8.757853618324527,0.0,171.05788493957243,7.280109889280518
2,3,5,2,3,,,,,,,,,1.0,63.0,16.0,1600.0,6272.0,225.0,280.0,47.0,2.0,78.0,31.0,5168.0,203280.0,280.0,280.0,47.0,3.0,63.0,31.0,2640.0,167520.0,306.0,280.0,32.0,4.0,62.0,31.0,1312.0,8040.0,189.0,280.0,31.0,66.5,27.25,96278.0,250.0,280.0,2680.0,39.25,7.681145747868608,7.5,103942.09164722441,52.85830114561004,0.0,1754.0019004170624,8.958236433584458
2,3,5,3,1,0.0,78.0,15.0,312.0,520.0,107.0,160.0,63.0,1.0,62.0,15.0,424.0,1168.0,104.0,160.0,47.0,2.0,62.0,16.0,488.0,1272.0,99.0,160.0,46.0,3.0,63.0,15.0,384.0,768.0,106.0,160.0,48.0,4.0,62.0,16.0,440.0,1360.0,101.0,160.0,46.0,65.4,15.4,1017.6,103.4,160.0,409.6,50.0,7.056911505750939,0.5477225575051661,358.63742136034824,3.361547262794322,0.0,66.06663303060026,7.314369419163897
2,3,5,3,2,0.0,78.0,16.0,2192.0,110928.0,244.0,280.0,62.0,1.0,78.0,16.0,992.0,3280.0,220.0,280.0,62.0,,,,,,,,,3.0,63.0,15.0,1248.0,14592.0,203.0,280.0,48.0,4.0,63.0,31.0,880.0,9856.0,199.0,280.0,32.0,70.5,19.5,34664.0,216.5,280.0,1328.0,51.0,8.660254037844387,7.681145747868608,51053.81213321228,20.46948949045872,0.0,596.23708930816,14.2828568570857
2,3,5,3,3,0.0,78.0,31.0,2168.0,305632.0,390.0,400.0,47.0,1.0,62.0,15.0,3888.0,1278464.0,484.0,400.0,47.0,2.0,63.0,32.0,3208.0,156032.0,366.0,400.0,31.0,3.0,78.0,32.0,13552.0,459808.0,1229.0,400.0,46.0,4.0,63.0,32.0,2784.0,28552.0,442.0,400.0,31.0,68.8,28.4,445697.6,582.2,400.0,5120.0,40.4,8.408329203831164,7.503332592921629,492756.01571244164,364.462892487013,0.0,4755.086539696202,8.590692637965812
2,3,20,0,0,0.0,62.0,15.0,4512.0,4512.0,171.0,160.0,47.0,1.0,62.0,0.0,3712.0,3712.0,167.0,160.0,62.0,2.0,63.0,16.0,2016.0,2016.0,148.0,160.0,47.0,3.0,63.0,16.0,4096.0,4096.0,165.0,160.0,47.0,4.0,63.0,16.0,5168.0,5168.0,166.0,160.0,47.0,62.6,12.6,3900.8,163.4,160.0,3900.8,50.0,0.5477225575051661,7.05691150575094,1183.805389411621,8.905054744357274,0.0,1183.805389411621,6.708203932499369
2,3,20,1,1,0.0,63.0,31.0,11608.0,29752.0,316.0,320.0,32.0,1.0,78.0,31.0,18784.0,37824.0,327.0,320.0,47.0,2.0,78.0,31.0,15424.0,90528.0,343.0,320.0,47.0,3.0,78.0,31.0,9776.0,14128.0,313.0,320.0,47.0,,,,,,,,,74.25,31.0,43058.0,324.75,320.0,13898.0,43.25,7.5,0.0,33140.05729224579,13.573871960498227,0.0,4018.1528094386854,7.5
2,3,20,1,2,0.0,63.0,31.0,15328.0,35696.0,469.0,480.0,32.0,1.0,78.0,47.0,123488.0,862976.0,560.0,480.0,31.0,2.0,78.0,46.0,74144.0,153664.0,487.0,480.0,32.0,3.0,78.0,47.0,40880.0,143664.0,513.0,480.0,31.0,,,,,,,,,74.25,42.75,299000.0,507.25,480.0,63460.0,31.5,7.5,7.847504911329036,379758.5859393658,39.53374086355435,0.0,46704.940723653635,0.5773502691896257
2,3,20,1,3,,,,,,,,,,,,,,,,,2.0,79.0,47.0,90912.0,390224.0,745.0,640.0,32.0,,,,,,,,,,,,,,,,,79.0,47.0,390224.0,745.0,640.0,90912.0,32.0,,,,,,,
2,3,20,2,1,0.0,109.0,32.0,53952.0,138144.0,481.0,480.0,77.0,,,,,,,,,2.0,94.0,31.0,50320.0,342480.0,523.0,480.0,63.0,,,,,,,,,4.0,93.0,31.0,74576.0,222576.0,505.0,480.0,62.0,98.66666666666667,31.333333333333332,234400.0,503.0,480.0,59616.0,67.33333333333333,8.962886439832502,0.5773502691896258,102679.8687961764,21.071307505705477,0.0,13082.394887787175,8.386497083606084
2,3,20,2,2,,,,,,,,,,,,,,,,,,,,,,,,,3.0,109.0,62.0,496000.0,17324416.0,929.0,800.0,47.0,,,,,,,,,109.0,62.0,17324416.0,929.0,800.0,496000.0,47.0,,,,,,,
2,3,20,2,3,,,,,,,,,,,,,,,,,2.0,109.0,203.0,749632.0,47472768.0,1357.0,1120.0,-94.0,,,,,,,,,,,,,,,,,109.0,203.0,47472768.0,1357.0,1120.0,749632.0,-94.0,,,,,,,
2,3,20,3,1,0.0,109.0,62.0,81704.0,851312.0,700.0,640.0,47.0,,,,,,,,,,,,,,,,,,,,,,,,,,,,,,,,,109.0,62.0,851312.0,700.0,640.0,81704.0,47.0,,,,,,,
2,3,20,3,2,0.0,110.0,156.0,133920.0,1034752.0,1264.0,1120.0,-46.0,1.0,109.0,125.0,553120.0,40137504.0,1259.0,1120.0,-16.0,2.0,125.0,125.0,782240.0,5419985248.0,1256.0,1120.0,0.0,,,,,,,,,,,,,,,,,114.66666666666667,135.33333333333334,1820385834.6666667,1259.6666666666667,1120.0,489760.0,-20.666666666666668,8.962886439832502,17.897858344878397,3117405845.996917,4.041451884327381,0.0,328771.30775053956,23.35237318418266
2,3,20,3,3,0.0,125.0,297.0,474112.0,119956192.0,1808.0,1600.0,-172.0,,,,,,,,,,,,,,,,,,,,,,,,,,,,,,,,,125.0,297.0,119956192.0,1808.0,1600.0,474112.0,-172.0,,,,,,,
2,3,50,0,0,0.0,144.0,79.0,11855136.0,11855136.0,469.0,400.0,65.0,1.0,125.0,47.0,2032892.0,2032892.0,433.0,400.0,78.0,2.0,140.0,109.0,12577520.0,11600624.0,454.0,400.0,31.0,3.0,125.0,63.0,3868872.0,3868872.0,450.0,400.0,62.0,4.0,109.0,47.0,3446416.0,4954128.0,456.0,400.0,62.0,128.6,69.0,6862330.4,452.4,400.0,6756167.2,59.6,13.939153489362258,26.0,4563579.703765543,12.973048986263791,0.0,5037059.8179449085,17.30028901492689
2,3,50,1,1,0.0,1047.0,93.0,215493888.0,296937344.0,979.0,800.0,954.0,,,,,,,,,,,,,,,,,,,,,,,,,,,,,,,,,1047.0,93.0,296937344.0,979.0,800.0,215493888.0,954.0,,,,,,,
2,3,50,1,2,0.0,469.0,203.0,63857776.0,560028560.0,1431.0,1200.0,266.0,,,,,,,,,2.0,453.0,172.0,81345136.0,381893616.0,1367.0,1200.0,281.0,,,,,,,,,,,,,,,,,461.0,187.5,470961088.0,1399.0,1200.0,72601456.0,273.5,11.313708498984761,21.920310216782973,125960426.8686859,45.254833995939045,0.0,12365430.841050385,10.606601717798213
2,3,50,2,2,0.0,59027.0,768.0,3452209200.0,34644586416.0,2386.0,2000.0,58259.0,,,,,,,,,,,,,,,,,,,,,,,,,,,,,,,,,59027.0,768.0,34644586416.0,2386.0,2000.0,3452209200.0,58259.0,,,,,,,
2,5,5,0,0,0.0,47.0,0.0,32.0,32.0,27.0,160.0,47.0,1.0,46.0,0.0,24.0,24.0,27.0,160.0,46.0,2.0,63.0,16.0,16.0,16.0,22.0,160.0,47.0,3.0,63.0,15.0,20.0,20.0,27.0,160.0,48.0,4.0,47.0,0.0,28.0,28.0,22.0,160.0,47.0,53.2,6.2,24.0,25.0,160.0,24.0,47.0,8.955445270895245,8.497058314499201,6.324555320336759,2.7386127875258306,0.0,6.324555320336759,0.7071067811865476
2,5,5,1,1,0.0,62.0,0.0,192.0,176.0,70.0,320.0,62.0,1.0,62.0,0.0,144.0,160.0,56.0,320.0,62.0,2.0,62.0,16.0,128.0,168.0,57.0,320.0,46.0,3.0,47.0,0.0,176.0,192.0,64.0,320.0,47.0,4.0,63.0,16.0,112.0,304.0,41.0,320.0,47.0,59.2,6.4,200.0,57.6,320.0,150.4,52.8,6.833739825307955,8.763560920082659,59.329587896765304,10.876580344942983,0.0,33.17830616532435,8.408329203831164
2,5,5,1,2,0.0,62.0,16.0,184.0,720.0,83.0,480.0,46.0,1.0,62.0,16.0,336.0,448.0,76.0,480.0,46.0,2.0,47.0,0.0,208.0,240.0,89.0,480.0,47.0,3.0,62.0,16.0,144.0,152.0,72.0,480.0,46.0,4.0,63.0,0.0,168.0,488.0,60.0,480.0,63.0,59.2,9.6,409.6,76.0,480.0,208.0,49.6,6.833739825307955,8.763560920082659,223.09818466316574,11.067971810589327,0.0,75.25955088890711,7.503332592921629
2,5,5,1,3,0.0,47.0,0.0,624.0,4416.0,151.0,640.0,47.0,1.0,78.0,16.0,416.0,640.0,81.0,640.0,62.0,2.0,62.0,15.0,400.0,416.0,141.0,640.0,47.0,3.0,62.0,15.0,688.0,1056.0,117.0,640.0,47.0,4.0,47.0,15.0,528.0,592.0,110.0,640.0,32.0,59.2,12.2,1424.0,120.0,640.0,531.2,47.0,12.911235417263523,6.833739825307955,1688.966547922131,27.53179979587241,0.0,126.18716258003425,10.606601717798213
2,5,5,2,1,0.0,63.0,16.0,200.0,216.0,81.0,480.0,47.0,1.0,63.0,16.0,216.0,440.0,82.0,480.0,47.0,2.0,78.0,15.0,224.0,280.0,78.0,480.0,63.0,3.0,63.0,16.0,168.0,168.0,85.0,480.0,47.0,4.0,62.0,15.0,240.0,352.0,85.0,480.0,47.0,65.8,15.6,291.2,82.2,480.0,209.6,50.2,6.833739825307955,0.5477225575051661,108.16284019939565,2.949576240750525,0.0,27.36421020237931,7.155417527999327
2,5,5,2,2,0.0,62.0,15.0,704.0,2112.0,143.0,800.0,47.0,1.0,78.0,31.0,496.0,2336.0,127.0,800.0,47.0,2.0,63.0,31.0,624.0,2528.0,141.0,800.0,32.0,3.0,63.0,16.0,640.0,1728.0,129.0,800.0,47.0,4.0,63.0,15.0,384.0,432.0,129.0,800.0,48.0,65.8,21.6,1827.2,133.8,800.0,569.6,44.2,6.833739825307954,8.590692637965812,834.7953042512877,7.5630681604756145,0.0,128.2996492590685,6.833739825307955
2,5,5,2,3,0.0,78.0,31.0,1984.0,29568.0,228.0,1120.0,47.0,1.0,62.0,31.0,2624.0,664336.0,505.0,1120.0,31.0,2.0,62.0,15.0,2256.0,119488.0,251.0,1120.0,47.0,3.0,63.0,16.0,640.0,7440.0,209.0,1120.0,47.0,4.0,62.0,16.0,2304.0,27584.0,256.0,1120.0,46.0,65.4,21.8,169683.2,289.8,1120.0,1961.6,43.6,7.056911505750939,8.408329203831164,279887.5928425553,121.76493748201902,0.0,772.9507099421023,7.056911505750941
2,5,5,3,1,0.0,63.0,16.0,696.0,2184.0,146.0,640.0,47.0,1.0,62.0,16.0,416.0,768.0,93.0,640.0,46.0,2.0,78.0,32.0,304.0,1088.0,108.0,640.0,46.0,3.0,63.0,16.0,280.0,416.0,104.0,640.0,47.0,4.0,62.0,15.0,320.0,2296.0,93.0,640.0,47.0,65.6,19.0,1350.4,108.8,640.0,403.2,46.6,6.9498201415576215,7.280109889280518,847.0825225442915,21.833460559425756,0.0,171.63682588535596,0.5477225575051661
2,5,5,3,2,0.0,62.0,32.0,704.0,1536.0,193.0,1120.0,30.0,1.0,62.0,16.0,896.0,2400.0,219.0,1120.0,46.0,2.0,62.0,16.0,2784.0,10336.0,252.0,1120.0,46.0,3.0,62.0,16.0,1088.0,3488.0,223.0,1120.0,46.0,4.0,94.0,31.0,672.0,7528.0,184.0,1120.0,63.0,68.4,22.2,5057.6,214.2,1120.0,1228.8,46.2,14.310835055998654,8.497058314499201,3738.0653819857134,26.88308018066382,0.0,885.2497952555539,11.670475568716128
2,5,5,3,3,0.0,63.0,31.0,1816.0,25552.0,330.0,1600.0,32.0,1.0,78.0,16.0,2008.0,642488.0,351.0,1600.0,62.0,2.0,78.0,31.0,10136.0,331216.0,832.0,1600.0,47.0,3.0,78.0,31.0,2184.0,25464.0,345.0,1600.0,47.0,4.0,78.0,31.0,2464.0,591264.0,377.0,1600.0,47.0,75.0,28.0,323196.8,447.0,1600.0,3721.6,47.0,6.708203932499369,6.708203932499369,296272.02401036787,215.89001829635384,0.0,3593.6762235905444,10.606601717798213
2,5,20,0,0,0.0,63.0,0.0,24464.0,24464.0,377.0,640.0,63.0,1.0,63.0,16.0,19856.0,19856.0,323.0,640.0,47.0,2.0,62.0,16.0,22752.0,22752.0,382.0,640.0,46.0,3.0,63.0,0.0,10496.0,10496.0,351.0,640.0,63.0,4.0,62.0,16.0,63104.0,63104.0,399.0,640.0,46.0,62.6,9.6,28134.4,366.4,640.0,28134.4,53.0,0.5477225575051661,8.763560920082659,20279.053547934625,29.74558790812513,0.0,20279.053547934625,9.137833441248533
2,5,20,1,1,0.0,78.0,16.0,45248.0,68416.0,721.0,1280.0,62.0,,,,,,,,,2.0,78.0,15.0,68576.0,94944.0,843.0,1280.0,63.0,,,,,,,,,4.0,78.0,31.0,102016.0,140928.0,861.0,1280.0,47.0,78.0,20.666666666666668,101429.33333333333,808.3333333333334,1280.0,71946.66666666667,57.333333333333336,0.0,8.962886439832502,36688.44773676495,76.16648431779777,0.0,28533.708159531827,8.962886439832502
2,5,20,1,2,,,,,,,,,1.0,78.0,47.0,109952.0,403136.0,1046.0,1920.0,31.0,2.0,79.0,15.0,194368.0,481088.0,1249.0,1920.0,64.0,3.0,78.0,46.0,62528.0,134976.0,1109.0,1920.0,32.0,,,,,,,,,78.33333333333333,36.0,339733.3333333333,1134.6666666666667,1920.0,122282.66666666667,42.333333333333336,0.5773502691896257,18.193405398660254,181557.98726944881,103.90540569832415,0.0,66779.34115677791,18.77054430040145
2,5,20,1,3,0.0,78.0,47.0,240384.0,442688.0,1439.0,2560.0,31.0,1.0,79.0,47.0,249024.0,501184.0,1912.0,2560.0,32.0,2.0,78.0,31.0,344128.0,4056960.0,1812.0,2560.0,47.0,,,,,,,,,4.0,78.0,31.0,208064.0,458176.0,1723.0,2560.0,47.0,78.25,39.0,1364752.0,1721.5,2560.0,260400.0,39.25,0.5,9.237604307034012,1794975.9208932766,203.54278829441898,0.0,58536.28080657898,8.958236433584458
2,5,20,2,1,0.0,94.0,15.0,241920.0,1985408.0,1179.0,1920.0,79.0,,,,,,,,,,,,,,,,,3.0,78.0,47.0,171008.0,475904.0,1283.0,1920.0,31.0,,,,,,,,,86.0,31.0,1230656.0,1231.0,1920.0,206464.0,55.0,11.313708498984761,22.627416997969522,1067380.5146282183,73.53910524340094,0.0,50142.356067500456,33.94112549695428
2,5,20,2,2,0.0,93.0,47.0,262080.0,685760.0,2117.0,3200.0,46.0,1.0,109.0,62.0,598720.0,3411648.0,2200.0,3200.0,47.0,2.0,110.0,47.0,349632.0,2039744.0,2193.0,3200.0,63.0,,,,,,,,,4.0,94.0,47.0,1336768.0,4417408.0,2225.0,3200.0,47.0,101.5,50.75,2638640.0,2183.75,3200.0,636800.0,50.75,9.255628917943215,7.5,1626240.4167387632,46.571629418205525,0.0,487950.0746483531,8.180260794538684
2,5,20,2,3,0.0,110.0,109.0,969536.0,18091008.0,3007.0,4480.0,1.0,1.0,109.0,94.0,283712.0,530176.0,2825.0,4480.0,15.0,,,,,,,,,3.0,110.0,94.0,440000.0,966592.0,2716.0,4480.0,16.0,,,,,,,,,109.66666666666667,99.0,6529258.666666667,2849.3333333333335,4480.0,564416.0,10.666666666666666,0.5773502691896257,8.660254037844387,10015146.05317313,147.01813947038417,0.0,359441.4354745429,8.386497083606082
2,5,20,3,1,0.0,109.0,47.0,289280.0,1749888.0,1631.0,2560.0,62.0,1.0,94.0,47.0,206976.0,582656.0,1470.0,2560.0,47.0,,,,,,,,,3.0,110.0,47.0,314240.0,1244800.0,1728.0,2560.0,63.0,,,,,,,,,104.33333333333333,47.0,1192448.0,1609.6666666666667,2560.0,270165.3333333333,57.333333333333336,8.962886439832502,0.0,585374.396761594,130.31628191954118,0.0,56128.595967949645,8.962886439832502
2,5,20,3,2,0.0,140.0,125.0,534464.0,8482752.0,2878.0,4480.0,15.0,1.0,109.0,62.0,1073088.0,20343104.0,3360.0,4480.0,47.0,2.0,126.0,94.0,892288.0,3440512.0,2790.0,4480.0,32.0,3.0,125.0,157.0,523136.0,3253344.0,2977.0,4480.0,-32.0,4.0,125.0,141.0,370432.0,1156736.0,2644.0,4480.0,-16.0,125.0,115.8,7335289.6,2929.8,4480.0,678681.6,9.2,10.977249200050075,38.035509724466685,7754450.3745777365,269.8188281050824,0.0,292059.52655717294,32.84356862461812
2,5,20,3,3,0.0,125.0,219.0,749312.0,55375232.0,4231.0,6400.0,-94.0,,,,,,,,,,,,,,,,,3.0,125.0,141.0,2185216.0,576854400.0,4319.0,6400.0,-16.0,,,,,,,,,125.0,180.0,316114816.0,4275.0,6400.0,1467264.0,-55.0,0.0,55.154328932550705,368741455.9403189,62.22539674441618,0.0,1015337.4555328883,55.154328932550705
2,5,50,0,0,0.0,15737.0,18152.0,1893935776.0,1893935776.0,1369.0,1600.0,-2415.0,,,,,,,,,2.0,1094.0,1250.0,161553856.0,161553856.0,1299.0,1600.0,-156.0,3.0,1937.0,2234.0,247039808.0,247039808.0,1377.0,1600.0,-297.0,,,,,,,,,6256.0,7212.0,767509813.3333334,1348.3333333333333,1600.0,767509813.3333334,-956.0,8221.598567188743,9487.084062028754,976449460.5582418,42.91076011134425,0.0,976449460.5582418,1265.4963453127789
2,5,50,1,2,,,,,,,,,,,,,,,,,,,,,,,,,,,,,,,,,4.0,52104.0,2952.0,3450799424.0,7920279872.0,4034.0,4800.0,49152.0,52104.0,2952.0,7920279872.0,4034.0,4800.0,3450799424.0,49152.0,,,,,,,
3,2,5,0,0,0.0,62.0,15.0,108.0,108.0,46.0,90.0,47.0,1.0,47.0,0.0,108.0,108.0,40.0,90.0,47.0,2.0,47.0,0.0,90.0,90.0,34.0,90.0,47.0,3.0,47.0,0.0,90.0,90.0,34.0,90.0,47.0,4.0,47.0,0.0,108.0,108.0,40.0,90.0,47.0,50.0,3.0,100.8,38.8,90.0,100.8,47.0,6.708203932499369,6.708203932499369,9.85900603509299,5.019960159204453,0.0,9.85900603509299,0.0
3,2,5,1,1,0.0,62.0,16.0,324.0,378.0,82.0,180.0,46.0,1.0,47.0,15.0,486.0,540.0,94.0,180.0,32.0,2.0,47.0,0.0,648.0,810.0,108.0,180.0,47.0,3.0,63.0,15.0,324.0,918.0,68.0,180.0,48.0,4.0,62.0,0.0,360.0,360.0,82.0,180.0,62.0,56.2,9.2,601.2,86.8,180.0,428.4,47.0,8.408329203831164,8.408329203831164,252.83433311162472,15.006665185843255,0.0,139.65958613714992,10.63014581273465
3,2,5,1,2,0.0,62.0,16.0,3888.0,14580.0,160.0,270.0,46.0,1.0,62.0,16.0,594.0,702.0,134.0,270.0,46.0,2.0,62.0,0.0,3240.0,8100.0,182.0,270.0,62.0,3.0,62.0,16.0,2430.0,178848.0,310.0,270.0,46.0,4.0,62.0,0.0,702.0,756.0,142.0,270.0,62.0,62.0,9.6,40597.2,185.6,270.0,2170.8,52.4,0.0,8.763560920082659,77500.31387807406,71.94998262682208,0.0,1483.4774012434434,8.763560920082657
3,2,5,1,3,0.0,62.0,15.0,756.0,1998.0,154.0,360.0,47.0,1.0,46.0,16.0,1242.0,4158.0,208.0,360.0,30.0,2.0,62.0,16.0,810.0,972.0,170.0,360.0,46.0,3.0,47.0,0.0,4860.0,4050.0,374.0,360.0,47.0,4.0,62.0,15.0,1944.0,29160.0,196.0,360.0,47.0,55.8,12.4,8067.6,220.4,360.0,1922.4,43.4,8.497058314499201,6.9498201415576215,11869.109098832987,88.44659405539593,0.0,1709.5925830442761,7.503332592921629
3,2,5,2,1,0.0,63.0,16.0,1188.0,9504.0,142.0,270.0,47.0,1.0,63.0,16.0,1296.0,7506.0,140.0,270.0,47.0,2.0,78.0,15.0,756.0,1566.0,122.0,270.0,63.0,3.0,63.0,15.0,1188.0,3240.0,130.0,270.0,48.0,4.0,62.0,16.0,1080.0,2754.0,124.0,270.0,46.0,65.8,15.6,4914.0,131.6,270.0,1101.6,50.2,6.833739825307955,0.5477225575051662,3408.208620375226,9.09945053286186,0.0,207.74214786605054,7.19027120489902
3,2,5,2,2,0.0,62.0,16.0,4266.0,38826.0,280.0,450.0,46.0,1.0,62.0,15.0,3402.0,28998.0,300.0,450.0,47.0,2.0,62.0,16.0,2592.0,1064988.0,404.0,450.0,46.0,3.0,62.0,15.0,2214.0,13230.0,274.0,450.0,47.0,4.0,62.0,16.0,3672.0,119826.0,284.0,450.0,46.0,62.0,15.6,253173.6,308.4,450.0,3229.2,46.4,0.0,0.5477225575051662,455685.39775682957,54.302854436944656,0.0,827.2757702241738,0.5477225575051661
3,2,5,2,3,0.0,62.0,16.0,6318.0,1359504.0,430.0,630.0,46.0,1.0,62.0,31.0,9396.0,1282392.0,358.0,630.0,31.0,2.0,63.0,15.0,325620.0,2754995490.0,1960.0,630.0,48.0,3.0,63.0,32.0,19926.0,10099296.0,1430.0,630.0,31.0,4.0,62.0,15.0,14256.0,10100214.0,664.0,630.0,47.0,62.4,21.8,555567379.2,968.4,630.0,75103.2,40.6,0.5477225575051661,8.87130204648675,1229525527.251007,698.4746237337474,0.0,140137.80012972944,8.792041856133306
3,2,5,3,1,0.0,62.0,15.0,6426.0,67878.0,310.0,360.0,47.0,1.0,63.0,16.0,1620.0,11880.0,244.0,360.0,47.0,2.0,78.0,15.0,1566.0,3942.0,220.0,360.0,63.0,3.0,81.0,16.0,1242.0,10044.0,196.0,360.0,65.0,4.0,62.0,31.0,1836.0,24030.0,232.0,360.0,31.0,69.2,18.6,23554.8,240.4,360.0,2538.0,50.6,9.47100839404126,6.9498201415576215,25827.68121996243,42.76447123489311,0.0,2183.831037420249,13.885243966167826
3,2,5,3,2,0.0,78.0,16.0,6912.0,3196800.0,556.0,630.0,62.0,1.0,63.0,16.0,12744.0,324108.0,926.0,630.0,47.0,2.0,63.0,16.0,3942.0,14364.0,398.0,630.0,47.0,3.0,63.0,31.0,5184.0,421686.0,742.0,630.0,32.0,4.0,62.0,32.0,5508.0,913464.0,460.0,630.0,30.0,65.8,22.2,974084.4,616.4,630.0,6858.0,43.6,6.833739825307954,8.497058314499201,1283823.9784366079,216.468935415685,0.0,3456.0,13.049904214207858
3,2,5,3,3,0.0,78.0,46.0,93798.0,9298983384.0,9196.0,900.0,32.0,1.0,62.0,31.0,173502.0,2715844302.0,2734.0,900.0,31.0,2.0,78.0,63.0,611874.0,860956074.0,19988.0,900.0,15.0,3.0,78.0,31.0,31104.0,345193255692.0,3184.0,900.0,47.0,4.0,62.0,32.0,22518.0,38326986.0,2006.0,900.0,30.0,71.6,40.6,71621473287.6,7421.6,900.0,186559.2,31.0,8.763560920082657,14.046351839534706,152974504585.22354,7588.189428315558,0.0,245328.17016233582,11.335784048754634
3,2,20,0,0,0.0,63.0,0.0,3402.0,3402.0,194.0,360.0,63.0,1.0,62.0,16.0,12474.0,12474.0,212.0,360.0,46.0,2.0,62.0,0.0,5778.0,5778.0,208.0,360.0,62.0,3.0,63.0,16.0,7074.0,7074.0,214.0,360.0,47.0,4.0,63.0,16.0,4320.0,4320.0,202.0,360.0,47.0,62.6,9.6,6609.6,206.0,360.0,6609.6,53.0,0.5477225575051661,8.763560920082659,3564.7362875814533,8.12403840463596,0.0,3564.7362875814533,8.689073598491383
3,2,20,1,1,0.0,78.0,16.0,1404108.0,6099030.0,476.0,720.0,62.0,1.0,78.0,31.0,29484.0,28674.0,424.0,720.0,47.0,2.0,78.0,31.0,95472.0,176634.0,482.0,720.0,47.0,3.0,79.0,31.0,69498.0,380970.0,418.0,720.0,48.0,,,,,,,,,78.25,27.25,1671327.0,450.0,720.0,399640.5,51.0,0.5,7.5,2955333.6577740256,33.665016461206925,0.0,670194.832305502,7.3484692283495345
3,2,20,1,2,,,,,,,,,,,,,,,,,2.0,94.0,31.0,4246614.0,179823024.0,842.0,1080.0,63.0,,,,,,,,,4.0,78.0,47.0,1298484.0,180300384.0,766.0,1080.0,31.0,86.0,39.0,180061704.0,804.0,1080.0,2772549.0,47.0,11.313708498984761,11.313708498984761,337544.4930672103,53.74011537017761,0.0,2084642.7148194963,22.627416997969522
3,2,20,1,3,,,,,,,,,1.0,1406.0,62.0,456463188.0,157465431756.0,1224.0,1440.0,1344.0,2.0,94.0,46.0,8540586.0,20920464.0,1002.0,1440.0,48.0,3.0,516.0,47.0,149648634.0,4835539620.0,1310.0,1440.0,469.0,,,,,,,,,672.0,51.666666666666664,54107297280.0,1178.6666666666667,1440.0,204884136.0,620.3333333333334,669.7671237079347,8.962886439832502,89543135477.67638,158.92555909397748,0.0,229012848.67121887,661.1205134718883
3,2,20,2,1,0.0,78.0,31.0,259416.0,3826008.0,748.0,1080.0,47.0,,,,,,,,,,,,,,,,,,,,,,,,,,,,,,,,,78.0,31.0,3826008.0,748.0,1080.0,259416.0,47.0,,,,,,,
3,2,20,2,2,0.0,968.0,94.0,275671998.0,941225184.0,1358.0,1800.0,874.0,,,,,,,,,,,,,,,,,3.0,125.0,110.0,5546340.0,533551158.0,1286.0,1800.0,15.0,,,,,,,,,546.5,102.0,737388171.0,1322.0,1800.0,140609169.0,444.5,596.0910165402596,11.313708498984761,288269068.2982209,50.91168824543142,0.0,191007684.54427817,607.4047250392443
3,2,20,2,3,,,,,,,,,,,,,,,,,,,,,,,,,3.0,391.0,141.0,87450030.0,119624861551410.0,2330.0,2520.0,250.0,,,,,,,,,391.0,141.0,119624861551410.0,2330.0,2520.0,87450030.0,250.0,,,,,,,
3,2,20,3,1,0.0,141.0,63.0,2987658.0,23569596.0,1002.0,1440.0,78.0,1.0,125.0,78.0,1873638.0,291134682.0,1076.0,1440.0,47.0,,,,,,,,,,,,,,,,,4.0,141.0,63.0,6225444.0,66366324.0,992.0,1440.0,78.0,135.66666666666666,68.0,127023534.0,1023.3333333333334,1440.0,3695580.0,67.66666666666667,9.237604307034012,8.660254037844387,143726273.36463198,45.883911486852696,0.0,2260623.594049217,17.8978583448784
3,2,20,3,2,,,,,,,,,,,,,,,,,,,,,,,,,,,,,,,,,4.0,8108.0,188.0,2393661024.0,472316754456.0,2302.0,2520.0,7920.0,8108.0,188.0,472316754456.0,2302.0,2520.0,2393661024.0,7920.0,,,,,,,
3,2,50,0,0,0.0,156.0,63.0,5349672.0,5349672.0,568.0,900.0,93.0,1.0,203.0,125.0,24577614.0,24577614.0,562.0,900.0,78.0,2.0,140.0,78.0,6365574.0,6006906.0,568.0,900.0,62.0,3.0,141.0,47.0,1806012.0,1806012.0,560.0,900.0,94.0,4.0,110.0,62.0,3005802.0,6911298.0,562.0,900.0,48.0,150.0,75.0,8930300.4,564.0,900.0,8220934.8,75.0,34.007352146263905,30.024989592004857,8958758.470781026,3.7416573867739413,0.0,9321699.320243986,19.949937343260004
3,3,5,0,0,0.0,47.0,0.0,108.0,108.0,50.0,270.0,47.0,1.0,47.0,0.0,90.0,90.0,52.0,270.0,47.0,2.0,47.0,0.0,108.0,108.0,56.0,270.0,47.0,3.0,47.0,0.0,108.0,108.0,46.0,270.0,47.0,4.0,47.0,0.0,108.0,108.0,40.0,270.0,47.0,47.0,0.0,104.4,48.8,270.0,104.4,47.0,0.0,0.0,8.049844718999243,6.099180272790763,0.0,8.049844718999243,0.0
3,3,5,1,1,0.0,63.0,0.0,648.0,1188.0,76.0,540.0,63.0,1.0,46.0,15.0,810.0,810.0,160.0,540.0,31.0,2.0,63.0,16.0,594.0,810.0,124.0,540.0,47.0,3.0,63.0,16.0,810.0,1458.0,166.0,540.0,47.0,4.0,62.0,15.0,324.0,594.0,92.0,540.0,47.0,59.4,12.4,972.0,123.6,540.0,637.2,47.0,7.503332592921629,6.9498201415576215,345.7687088213738,39.95997997997497,0.0,199.87295965187488,11.313708498984761
3,3,5,1,2,0.0,63.0,16.0,1296.0,1620.0,136.0,810.0,47.0,1.0,47.0,0.0,1296.0,1458.0,202.0,810.0,47.0,2.0,63.0,16.0,2106.0,9396.0,170.0,810.0,47.0,3.0,63.0,16.0,1080.0,1350.0,238.0,810.0,47.0,4.0,62.0,16.0,1242.0,2538.0,212.0,810.0,46.0,59.6,12.8,3272.4,191.6,810.0,1404.0,46.8,7.056911505750941,7.155417527999329,3455.282738069346,39.48164130326904,0.0,402.2909394952862,0.4472135954999579
3,3,5,1,3,0.0,63.0,16.0,1134.0,4482.0,278.0,1080.0,47.0,1.0,47.0,16.0,2430.0,9558.0,296.0,1080.0,31.0,2.0,46.0,16.0,1566.0,5454.0,202.0,1080.0,30.0,3.0,62.0,15.0,1620.0,2268.0,242.0,1080.0,47.0,4.0,62.0,0.0,1242.0,1728.0,188.0,1080.0,62.0,56.0,12.6,4698.0,241.2,1080.0,1598.4,43.4,8.689073598491383,7.05691150575094,3121.0411724294827,46.70331893987836,0.0,508.862260341637,13.277801022759755
3,3,5,2,1,0.0,62.0,15.0,1458.0,4698.0,182.0,810.0,47.0,1.0,63.0,16.0,540.0,1296.0,110.0,810.0,47.0,2.0,62.0,0.0,1404.0,2700.0,208.0,810.0,62.0,3.0,63.0,16.0,972.0,28350.0,166.0,810.0,47.0,4.0,63.0,16.0,2268.0,3402.0,182.0,810.0,47.0,62.6,12.6,8089.2,169.6,810.0,1328.4,50.0,0.5477225575051661,7.05691150575094,11392.553936672848,36.56227564033727,0.0,643.0309479333013,6.708203932499369
3,3,5,2,2,0.0,63.0,15.0,3942.0,891324.0,400.0,1350.0,48.0,1.0,62.0,16.0,2106.0,9018.0,274.0,1350.0,46.0,2.0,62.0,16.0,14148.0,295326.0,628.0,1350.0,46.0,3.0,62.0,15.0,2646.0,53514.0,274.0,1350.0,47.0,4.0,62.0,16.0,7776.0,257094.0,388.0,1350.0,46.0,62.2,15.6,301255.2,392.8,1350.0,6123.6,46.6,0.4472135954999579,0.5477225575051662,352471.5729575933,144.5863064055514,0.0,5002.889445110695,0.8944271909999159
3,3,5,2,3,0.0,63.0,31.0,5508.0,35964.0,602.0,1890.0,32.0,1.0,62.0,15.0,6642.0,123714.0,530.0,1890.0,47.0,2.0,62.0,31.0,12150.0,11164716.0,664.0,1890.0,31.0,3.0,63.0,47.0,11340.0,12759930.0,1468.0,1890.0,16.0,4.0,62.0,16.0,5022.0,140886.0,440.0,1890.0,46.0,62.4,28.0,4845042.0,740.8,1890.0,8132.4,34.4,0.5477225575051661,13.152946437965905,6521713.43445923,415.0002409637855,0.0,3362.0367041422974,12.739701723352868
3,3,5,3,1,0.0,63.0,16.0,1890.0,9072.0,242.0,1080.0,47.0,1.0,63.0,15.0,1674.0,14580.0,248.0,1080.0,48.0,2.0,63.0,16.0,2214.0,100116.0,298.0,1080.0,47.0,3.0,78.0,16.0,2646.0,80406.0,188.0,1080.0,62.0,4.0,63.0,15.0,2754.0,7074.0,256.0,1080.0,48.0,66.0,15.6,42249.6,246.4,1080.0,2235.6,50.4,6.708203932499369,0.5477225575051661,44463.78821917898,39.329378332234036,0.0,467.0297635054965,6.5038450166036395
3,3,5,3,2,0.0,63.0,31.0,10584.0,1125900.0,604.0,1890.0,32.0,1.0,63.0,16.0,7830.0,100563498.0,988.0,1890.0,47.0,2.0,62.0,32.0,12150.0,3898692.0,688.0,1890.0,30.0,3.0,78.0,15.0,6264.0,82620.0,478.0,1890.0,63.0,4.0,78.0,16.0,4698.0,83538.0,484.0,1890.0,62.0,68.8,22.0,21150849.6,648.4,1890.0,8305.2,46.8,8.408329203831164,8.689073598491383,44420451.90779134,209.12388672746116,0.0,3056.9437678832105,15.770225109363532
3,3,5,3,3,0.0,62.0,46.0,349758.0,11622623256.0,11348.0,2700.0,16.0,1.0,63.0,31.0,140940.0,317273760.0,4084.0,2700.0,32.0,2.0,63.0,31.0,84564.0,3874391514.0,7018.0,2700.0,32.0,3.0,78.0,31.0,55242.0,455868.0,4860.0,2700.0,47.0,4.0,78.0,31.0,65286.0,431002242.0,3916.0,2700.0,47.0,68.8,34.0,3249149328.0,6245.2,2700.0,139158.0,34.8,8.408329203831164,6.708203932499369,4939581205.822569,3108.477312125665,0.0,122305.97675502207,12.911235417263523
3,3,20,0,0,0.0,62.0,0.0,33426.0,33426.0,410.0,1080.0,62.0,1.0,63.0,15.0,50544.0,50544.0,424.0,1080.0,48.0,2.0,62.0,15.0,40932.0,40932.0,418.0,1080.0,47.0,3.0,62.0,15.0,55674.0,55674.0,408.0,1080.0,47.0,4.0,47.0,0.0,34272.0,34272.0,404.0,1080.0,47.0,59.2,9.0,42969.6,412.8,1080.0,42969.6,50.2,6.833739825307955,8.215838362577491,9869.823645840892,8.07465169527454,0.0,9869.823645840892,6.610597552415363
3,3,20,1,1,0.0,78.0,32.0,726354.0,2924370.0,938.0,2160.0,46.0,1.0,78.0,31.0,727866.0,1213380.0,1006.0,2160.0,47.0,,,,,,,,,3.0,74.0,15.0,1102248.0,16689726.0,946.0,2160.0,59.0,,,,,,,,,76.66666666666667,26.0,6942492.0,963.3333333333334,2160.0,852156.0,50.666666666666664,2.3094010767585034,9.539392014169456,8484591.89844108,37.16629297271027,0.0,216587.3446995461,7.234178138070235
3,3,20,1,2,0.0,94.0,47.0,3307230.0,17544600.0,1488.0,3240.0,47.0,,,,,,,,,,,,,,,,,3.0,78.0,31.0,1970568.0,75370662.0,1560.0,3240.0,47.0,4.0,78.0,47.0,3350970.0,64114578.0,1646.0,3240.0,31.0,83.33333333333333,41.666666666666664,52343280.0,1564.6666666666667,3240.0,2876256.0,41.666666666666664,9.237604307034013,9.237604307034013,30657559.492897734,79.10330797971304,0.0,784653.6572960073,9.237604307034013
3,3,20,1,3,,,,,,,,,,,,,,,,,,,,,,,,,3.0,78.0,78.0,572670.0,1024812.0,1742.0,4320.0,0.0,4.0,78.0,47.0,1188756.0,3452058.0,1952.0,4320.0,31.0,78.0,62.5,2238435.0,1847.0,4320.0,880713.0,15.5,0.0,21.920310216782973,1716322.1062079228,148.49242404917499,0.0,435638.5883940953,21.920310216782973
3,3,20,2,1,,,,,,,,,1.0,94.0,31.0,2339604.0,8147790.0,1454.0,3240.0,63.0,2.0,125.0,47.0,4636278.0,9837612.0,1358.0,3240.0,78.0,3.0,109.0,32.0,2897046.0,17261748.0,1636.0,3240.0,77.0,,,,,,,,,109.33333333333333,36.666666666666664,11749050.0,1482.6666666666667,3240.0,3290976.0,72.66666666666667,15.50268793897798,8.962886439832502,4848324.868170861,141.1996222846695,0.0,1197941.358850257,8.386497083606084
3,3,20,2,2,,,,,,,,,1.0,203.0,62.0,32804352.0,107622594.0,3010.0,5400.0,141.0,2.0,109.0,78.0,7156998.0,52665714.0,2584.0,5400.0,31.0,3.0,297.0,62.0,69077448.0,42075669996.0,3116.0,5400.0,235.0,,,,,,,,,203.0,67.33333333333333,14078652768.0,2903.3333333333335,5400.0,36346266.0,135.66666666666666,94.0,9.237604307034013,24246143720.46329,281.5836169476721,0.0,31111804.803613886,102.10452161061886
3,3,20,2,3,,,,,,,,,,,,,,,,,2.0,172.0,141.0,21476988.0,83748168.0,3552.0,7560.0,31.0,,,,,,,,,4.0,328.0,141.0,69672960.0,139705487586.0,4510.0,7560.0,187.0,250.0,141.0,69894617877.0,4031.0,7560.0,45574974.0,109.0,110.30865786510141,0.0,98727478743.52888,677.4082963767125,0.0,34079698.62707697,110.30865786510141
3,3,20,3,1,,,,,,,,,1.0,125.0,63.0,6978312.0,63513234.0,2074.0,4320.0,62.0,2.0,141.0,63.0,12673098.0,333498708.0,2046.0,4320.0,78.0,,,,,,,,,,,,,,,,,133.0,63.0,198505971.0,2060.0,4320.0,9825705.0,70.0,11.313708498984761,0.0,190908559.4872643,19.79898987322333,0.0,4026821.798006214,11.313708498984761
3,3,20,3,2,,,,,,,,,1.0,328.0,156.0,71728254.0,43541271684.0,4610.0,7560.0,172.0,,,,,,,,,,,,,,,,,4.0,1063.0,125.0,309490632.0,471193259130.0,4280.0,7560.0,938.0,695.5,140.5,257367265407.0,4445.0,7560.0,190609443.0,555.0,519.7234841721124,21.920310216782973,302395620310.9709,233.3452377915607,0.0,168123389.7948392,541.6437943888955
3,3,20,3,3,0.0,1219.0,344.0,352969650.0,10648781939214.0,5522.0,10800.0,875.0,,,,,,,,,,,,,,,,,,,,,,,,,,,,,,,,,1219.0,344.0,10648781939214.0,5522.0,10800.0,352969650.0,875.0,,,,,,,
3,5,5,0,0,0.0,47.0,15.0,90.0,90.0,34.0,2430.0,32.0,1.0,47.0,0.0,108.0,108.0,40.0,2430.0,47.0,2.0,47.0,16.0,90.0,90.0,58.0,2430.0,31.0,3.0,47.0,0.0,108.0,108.0,58.0,2430.0,47.0,4.0,63.0,15.0,54.0,54.0,40.0,2430.0,48.0,50.2,9.2,90.0,46.0,2430.0,90.0,41.0,7.155417527999327,8.408329203831164,22.045407685048602,11.224972160321824,0.0,22.045407685048602,8.689073598491383
3,5,5,1,1,0.0,47.0,0.0,972.0,7290.0,244.0,4860.0,47.0,1.0,62.0,16.0,360.0,954.0,70.0,4860.0,46.0,2.0,62.0,16.0,648.0,972.0,118.0,4860.0,46.0,3.0,47.0,0.0,972.0,1242.0,166.0,4860.0,47.0,4.0,47.0,15.0,378.0,378.0,94.0,4860.0,32.0,53.0,9.4,2167.2,138.4,4860.0,666.0,43.6,8.215838362577491,8.590692637965812,2881.0010760150717,68.88250866511758,0.0,301.73498305632376,6.5038450166036395
3,5,5,1,2,0.0,63.0,16.0,1296.0,2106.0,232.0,7290.0,47.0,1.0,63.0,15.0,1782.0,75168.0,256.0,7290.0,48.0,2.0,62.0,15.0,5832.0,79218.0,346.0,7290.0,47.0,3.0,63.0,15.0,1080.0,2106.0,154.0,7290.0,48.0,4.0,62.0,16.0,1944.0,2430.0,322.0,7290.0,46.0,62.6,15.4,32205.6,262.0,7290.0,2386.8,47.2,0.5477225575051661,0.5477225575051661,41092.857539966724,76.249590162833,0.0,1957.602411114167,0.8366600265340756
3,5,5,1,3,0.0,62.0,15.0,2106.0,20412.0,296.0,9720.0,47.0,1.0,63.0,31.0,4860.0,5184.0,362.0,9720.0,32.0,2.0,62.0,16.0,1458.0,4536.0,478.0,9720.0,46.0,3.0,62.0,15.0,4374.0,835434.0,1160.0,9720.0,47.0,4.0,47.0,15.0,1296.0,1296.0,216.0,9720.0,32.0,59.2,18.4,173372.4,502.4,9720.0,2818.8,40.8,6.833739825307955,7.056911505750941,370177.5930074645,379.9247293872827,0.0,1678.0885554701815,8.043631020876083
3,5,5,2,1,0.0,63.0,0.0,972.0,1458.0,248.0,7290.0,63.0,1.0,62.0,16.0,1998.0,9018.0,236.0,7290.0,46.0,2.0,63.0,16.0,2052.0,8100.0,242.0,7290.0,47.0,3.0,62.0,16.0,702.0,7290.0,136.0,7290.0,46.0,4.0,62.0,15.0,1350.0,2376.0,142.0,7290.0,47.0,62.4,12.6,5648.4,200.8,7290.0,1414.8,49.8,0.5477225575051661,7.05691150575094,3475.8974093030997,56.614485778818135,0.0,603.0134326862047,7.395944834840238
3,5,5,2,2,0.0,62.0,16.0,4644.0,33804.0,558.0,12150.0,46.0,1.0,78.0,15.0,2376.0,20844.0,454.0,12150.0,63.0,2.0,63.0,15.0,4644.0,120690.0,454.0,12150.0,48.0,3.0,62.0,16.0,3294.0,6804.0,520.0,12150.0,46.0,4.0,62.0,15.0,2646.0,9666.0,454.0,12150.0,47.0,65.4,15.4,38361.6,488.0,12150.0,3520.8,50.0,7.056911505750939,0.5477225575051662,47235.90544067087,48.45616575834287,0.0,1078.243571740634,7.314369419163897
3,5,5,2,3,0.0,62.0,32.0,18630.0,427032.0,1070.0,17010.0,30.0,,,,,,,,,2.0,63.0,15.0,6156.0,160218.0,610.0,17010.0,48.0,3.0,62.0,16.0,2754.0,43902.0,332.0,17010.0,46.0,4.0,62.0,16.0,37422.0,1424628.0,2800.0,17010.0,46.0,62.25,19.75,513945.0,1203.0,17010.0,16240.5,42.5,0.5,8.180260794538684,627949.2040061839,1107.3072443244166,0.0,15683.839612798902,8.386497083606082
3,5,5,3,1,0.0,63.0,15.0,2160.0,6804.0,334.0,9720.0,48.0,1.0,78.0,16.0,1242.0,1998.0,266.0,9720.0,62.0,2.0,63.0,15.0,2754.0,11826.0,250.0,9720.0,48.0,3.0,78.0,16.0,3186.0,11178.0,404.0,9720.0,62.0,4.0,78.0,16.0,1512.0,3672.0,206.0,9720.0,62.0,72.0,15.6,7095.6,292.0,9720.0,2170.8,56.4,8.215838362577491,0.5477225575051662,4382.75789885775,77.69169839822013,0.0,816.6328428369753,7.6681158050723255
3,5,5,3,2,0.0,63.0,31.0,20304.0,2836998.0,1070.0,17010.0,32.0,1.0,78.0,32.0,33210.0,159354.0,1266.0,17010.0,46.0,2.0,62.0,31.0,6048.0,3604932.0,838.0,17010.0,31.0,3.0,63.0,32.0,7452.0,312660.0,1178.0,17010.0,31.0,4.0,63.0,31.0,3726.0,143478.0,460.0,17010.0,32.0,65.8,31.4,1411484.4,962.4,17010.0,14148.0,34.4,6.833739825307954,0.5477225575051661,1675290.066586321,323.30913998833995,0.0,12453.118886447684,6.50384501660364
3,5,5,3,3,0.0,78.0,31.0,37908.0,149202.0,3790.0,24300.0,47.0,1.0,78.0,31.0,23004.0,927180.0,2410.0,24300.0,47.0,2.0,63.0,31.0,24138.0,1291522536.0,1204.0,24300.0,32.0,3.0,63.0,32.0,74844.0,157881906.0,5606.0,24300.0,31.0,4.0,78.0,32.0,74196.0,3922884.0,2690.0,24300.0,46.0,72.0,31.4,290880741.6,3140.0,24300.0,46818.0,40.6,8.215838362577491,0.5477225575051661,563452615.3573388,1657.3436577849507,0.0,25960.973864629963,8.324662155306964
3,5,20,0,0,0.0,63.0,15.0,1713636.0,1713636.0,2126.0,9720.0,48.0,1.0,63.0,16.0,992412.0,992412.0,1892.0,9720.0,47.0,2.0,62.0,15.0,2178252.0,2178252.0,2056.0,9720.0,47.0,3.0,78.0,47.0,5929686.0,5929686.0,2558.0,9720.0,31.0,4.0,78.0,32.0,3013686.0,3013686.0,2252.0,9720.0,46.0,68.8,25.0,2765534.4,2176.8,9720.0,2765534.4,43.8,8.408329203831164,14.265342617687105,1914992.7200265802,249.6261204281315,0.0,1914992.7200265802,7.19027120489902
3,5,20,1,1,0.0,94.0,47.0,6343758.0,30230172.0,5378.0,19440.0,47.0,,,,,,,,,2.0,156.0,47.0,15478128.0,17064432.0,4448.0,19440.0,109.0,3.0,141.0,47.0,13553082.0,58898340.0,5164.0,19440.0,94.0,,,,,,,,,130.33333333333334,47.0,35397648.0,4996.666666666667,19440.0,11791656.0,83.33333333333333,32.34707611722168,0.0,21390326.570579704,487.057833663861,0.0,4815199.371711622,32.34707611722168
3,5,20,1,2,0.0,141.0,47.0,10056798.0,12348774.0,7202.0,29160.0,94.0,,,,,,,,,2.0,125.0,47.0,11461338.0,21053520.0,6872.0,29160.0,78.0,3.0,578.0,62.0,138897828.0,3389466546.0,8292.0,29160.0,516.0,4.0,422.0,94.0,84617946.0,177390486.0,8492.0,29160.0,328.0,316.5,62.5,900064831.5,7714.5,29160.0,61258477.5,254.0,221.34814207487716,22.15851980616034,1661332777.2492065,798.0131577862611,0.0,62382958.6790803,208.72310205948295
3,5,20,1,3,0.0,421.0,62.0,51754626.0,470575332.0,10618.0,38880.0,359.0,1.0,359.0,47.0,66394404.0,2539958472.0,12800.0,38880.0,312.0,,,,,,,,,3.0,4015.0,156.0,996455520.0,60379790958.0,14290.0,38880.0,3859.0,4.0,109.0,47.0,8609490.0,1997944056.0,9516.0,38880.0,62.0,1226.0,78.0,16347067204.5,11806.0,38880.0,280803510.0,1148.0,1864.217798434507,52.478567053607705,29368221725.82409,2145.828200641111,0.0,477731458.71509767,1812.0277775648658
3,5,20,2,1,0.0,235.0,78.0,24732864.0,259199676.0,7526.0,29160.0,157.0,1.0,234.0,78.0,40105206.0,161969220.0,8552.0,29160.0,156.0,,,,,,,,,,,,,,,,,4.0,344.0,47.0,45547920.0,1525814496.0,7610.0,29160.0,297.0,271.0,67.66666666666667,648994464.0,7896.0,29160.0,36795330.0,203.33333333333334,63.221831672294975,17.8978583448784,760903060.0417196,569.663058307277,0.0,10795049.71838092,81.11925377697537
3,5,20,2,2,,,,,,,,,,,,,,,,,2.0,250.0,125.0,30289950.0,292135086.0,10436.0,48600.0,125.0,3.0,360.0,63.0,57792204.0,5990279022.0,10994.0,48600.0,297.0,,,,,,,,,305.0,94.0,3141207054.0,10715.0,48600.0,44041077.0,211.0,77.78174593052023,43.840620433565945,4029196217.3226047,394.5655839020935,0.0,19447030.301314853,121.62236636408618
3,5,20,2,3,0.0,406.0,94.0,63016218.0,269097228.0,19882.0,68040.0,312.0,,,,,,,,,,,,,,,,,3.0,3874.0,109.0,1000724544.0,3410367486300.0,22228.0,68040.0,3765.0,4.0,1640.0,125.0,272048220.0,411795261565290.0,23096.0,68040.0,1515.0,1973.3333333333333,109.33333333333333,138401966049606.0,21735.333333333332,68040.0,445262994.0,1864.0,1757.8649929199153,15.50268793897798,236771678452999.06,1662.675354160677,0.0,492266944.4634018,1752.7558301143945
3,5,20,3,1,0.0,750.0,125.0,148972608.0,12198738996.0,10202.0,38880.0,625.0,1.0,296.0,62.0,36979254.0,157633128.0,10118.0,38880.0,234.0,,,,,,,,,3.0,360.0,62.0,59312898.0,931965264.0,11228.0,38880.0,298.0,4.0,218.0,78.0,21265416.0,211830390.0,9386.0,38880.0,140.0,406.0,81.75,3375041944.5,10233.5,38880.0,66632544.0,324.25,236.56993328259898,29.803523281652456,5893043360.733822,757.5440581246744,0.0,57070007.49921654,210.73897756861842
3,5,20,3,2,,,,,,,,,1.0,1687.0,203.0,404296110.0,13496601024.0,20270.0,68040.0,1484.0,2.0,610.0,140.0,122744646.0,5907955968.0,18162.0,68040.0,470.0,3.0,656.0,156.0,144439686.0,143577522.0,16564.0,68040.0,500.0,4.0,1500.0,109.0,229267584.0,1180670904.0,20480.0,68040.0,1391.0,1113.25,152.0,5182201354.5,18869.0,68040.0,225187006.5,961.25,560.0900969189391,39.20034013457877,6084295020.649858,1859.3005853456473,0.0,127946979.98526433,551.3712451697132
3,5,20,3,3,,,,,,,,,,,,,,,,,2.0,1124.0,297.0,213060456.0,37306868058.0,26906.0,97200.0,827.0,3.0,437.0,234.0,66184452.0,5753040552.0,24698.0,97200.0,203.0,,,,,,,,,780.5,265.5,21529954305.0,25802.0,97200.0,139622454.0,515.0,485.78235867515815,44.54772721475249,22311925401.883205,1561.291772859897,0.0,103857018.42198248,441.23463146040564
4,2,5,0,0,0.0,47.0,0.0,96.0,96.0,37.0,240.0,47.0,1.0,47.0,0.0,208.0,208.0,58.0,240.0,47.0,2.0,47.0,0.0,112.0,112.0,49.0,240.0,47.0,3.0,47.0,0.0,256.0,256.0,49.0,240.0,47.0,4.0,63.0,0.0,208.0,208.0,49.0,240.0,63.0,50.2,0.0,176.0,48.4,240.0,176.0,50.2,7.155417527999327,0.0,68.81860213634101,7.46993975879324,0.0,68.81860213634101,7.155417527999327
4,2,5,1,1,0.0,63.0,15.0,2176.0,2432.0,129.0,480.0,48.0,1.0,47.0,16.0,2048.0,3328.0,207.0,480.0,31.0,2.0,47.0,0.0,896.0,16704.0,118.0,480.0,47.0,3.0,63.0,15.0,768.0,1664.0,114.0,480.0,48.0,4.0,47.0,0.0,1088.0,6464.0,106.0,480.0,47.0,53.4,9.2,6118.4,134.8,480.0,1395.2,44.2,8.763560920082657,8.408329203831164,6192.574650337289,41.20315521898778,0.0,665.7230655460272,7.395944834840238
4,2,5,1,2,0.0,63.0,15.0,10432.0,21056.0,341.0,720.0,48.0,1.0,63.0,16.0,1280.0,2432.0,173.0,720.0,47.0,2.0,63.0,0.0,3584.0,13568.0,202.0,720.0,63.0,3.0,63.0,0.0,2112.0,3776.0,233.0,720.0,63.0,4.0,63.0,0.0,1984.0,2688.0,254.0,720.0,63.0,63.0,6.2,8704.0,240.6,720.0,3878.4,56.8,0.0,8.497058314499201,8307.313404464767,63.986717371654564,0.0,3758.222558604001,8.497058314499201
4,2,5,1,3,0.0,63.0,15.0,2048.0,8128.0,289.0,960.0,48.0,1.0,62.0,16.0,15040.0,18877120.0,793.0,960.0,46.0,2.0,62.0,15.0,9408.0,1314112.0,397.0,960.0,47.0,3.0,62.0,16.0,27904.0,102400.0,730.0,960.0,46.0,4.0,62.0,16.0,5632.0,33024.0,529.0,960.0,46.0,62.2,15.6,4066956.8,547.6,960.0,12006.4,46.6,0.4472135954999579,0.5477225575051662,8297341.504761823,214.12099383292613,0.0,10105.577707385166,0.8944271909999159
4,2,5,2,1,0.0,63.0,16.0,3968.0,17280.0,261.0,720.0,47.0,1.0,63.0,16.0,3520.0,6272.0,221.0,720.0,47.0,2.0,62.0,16.0,5248.0,16000.0,278.0,720.0,46.0,3.0,63.0,16.0,4032.0,24640.0,281.0,720.0,47.0,4.0,63.0,31.0,928.0,2144.0,145.0,720.0,32.0,62.8,19.0,13267.2,237.2,720.0,3539.2,43.8,0.4472135954999579,6.708203932499369,9021.775612372545,56.81725090146478,0.0,1594.1653615607133,6.6105975524153635
4,2,5,2,2,0.0,63.0,16.0,11008.0,343808.0,641.0,1200.0,47.0,1.0,78.0,16.0,3392.0,9728.0,441.0,1200.0,62.0,2.0,62.0,31.0,16768.0,990848.0,782.0,1200.0,31.0,3.0,62.0,16.0,14208.0,5410560.0,1029.0,1200.0,46.0,4.0,63.0,32.0,3904.0,9344.0,357.0,1200.0,31.0,65.6,22.2,1352857.6,650.0,1200.0,9856.0,43.4,6.949820141557621,8.497058314499201,2303432.5868418203,269.57188280679424,0.0,6026.034185100512,12.973048986263793
4,2,5,2,3,0.0,62.0,16.0,25152.0,536882176.0,1837.0,1680.0,46.0,1.0,63.0,32.0,63680.0,117971008.0,2662.0,1680.0,31.0,2.0,63.0,15.0,30400.0,357952.0,1558.0,1680.0,48.0,3.0,63.0,15.0,46976.0,10494016.0,2674.0,1680.0,48.0,4.0,63.0,32.0,74880.0,23865152.0,3442.0,1680.0,31.0,62.8,22.0,137914060.8,2434.6,1680.0,48217.6,40.8,0.4472135954999579,9.137833441248533,227891414.26605248,749.9051940078825,0.0,21219.09359044349,8.983317872590282
4,2,5,3,1,0.0,63.0,15.0,6784.0,272512.0,370.0,960.0,48.0,1.0,63.0,31.0,4352.0,69376.0,346.0,960.0,32.0,2.0,62.0,31.0,31680.0,1060672.0,722.0,960.0,31.0,3.0,78.0,15.0,13696.0,73280.0,389.0,960.0,63.0,4.0,63.0,16.0,7232.0,462976.0,385.0,960.0,47.0,65.8,21.6,387763.2,442.4,960.0,12748.8,44.2,6.833739825307955,8.590692637965812,409882.9557656674,157.2078242327652,0.0,11133.369804331482,13.21741275741966
4,2,5,3,2,0.0,78.0,47.0,241408.0,100930944.0,6486.0,1680.0,31.0,1.0,62.0,15.0,46720.0,109598848.0,2609.0,1680.0,47.0,2.0,78.0,31.0,28544.0,537011392.0,1149.0,1680.0,47.0,3.0,63.0,31.0,460032.0,7180661120.0,7501.0,1680.0,32.0,4.0,63.0,31.0,40192.0,469968896.0,1965.0,1680.0,32.0,68.8,31.0,1679634240.0,3942.0,1680.0,163379.2,37.8,8.408329203831164,11.313708498984761,3081699578.9930053,2855.901083721213,0.0,187787.35562119193,8.408329203831164
4,2,5,3,3,0.0,79.0,47.0,206272.0,10745814976.0,9634.0,2400.0,32.0,1.0,94.0,312.0,1537600.0,2474169940992.0,147886.0,2400.0,-218.0,2.0,63.0,47.0,28752.0,485712.0,2479.0,2400.0,16.0,3.0,78.0,47.0,35216.0,438639136.0,2989.0,2400.0,31.0,4.0,94.0,109.0,1809344.0,23085598208.0,37438.0,2400.0,-15.0,81.6,112.4,501688095804.8,40085.2,2400.0,723436.8,-30.8,12.973048986263791,114.76410588681463,1102691114879.386,61938.780385958526,0.0,875464.2246415326,106.35647606046375
4,2,20,0,0,0.0,62.0,15.0,22816.0,22816.0,325.0,960.0,47.0,1.0,62.0,16.0,44608.0,47680.0,349.0,960.0,46.0,2.0,63.0,16.0,11136.0,10368.0,322.0,960.0,47.0,3.0,63.0,16.0,24208.0,24208.0,325.0,960.0,47.0,4.0,63.0,16.0,51088.0,51088.0,325.0,960.0,47.0,62.6,15.8,31232.0,329.2,960.0,30771.2,46.8,0.5477225575051661,0.4472135954999579,17466.178517351756,11.144505372604026,0.0,16553.936667753685,0.4472135954999579
4,2,20,1,1,,,,,,,,,1.0,110.0,32.0,8372800.0,170435648.0,897.0,1920.0,78.0,,,,,,,,,,,,,,,,,4.0,78.0,31.0,3432960.0,9522688.0,813.0,1920.0,47.0,94.0,31.5,89979168.0,855.0,1920.0,5902880.0,62.5,22.627416997969522,0.7071067811865476,113782645.19679968,59.39696961966999,0.0,3492994.361976555,21.920310216782973
4,2,20,1,2,0.0,78.0,47.0,1733248.0,115732864.0,1357.0,2880.0,31.0,1.0,78.0,47.0,160768.0,1065728.0,957.0,2880.0,31.0,2.0,156.0,47.0,24819520.0,1086215936.0,1505.0,2880.0,109.0,3.0,79.0,47.0,2453568.0,17529536.0,1250.0,2880.0,32.0,,,,,,,,,97.75,47.0,305136016.0,1267.25,2880.0,7291776.0,50.75,38.836194458262774,0.0,523174802.7817391,231.7561577750776,0.0,11724313.412785245,38.836194458262774
4,2,20,1,3,,,,,,,,,,,,,,,,,2.0,5593.0,47.0,1723992320.0,11710112512.0,1954.0,3840.0,5546.0,,,,,,,,,,,,,,,,,5593.0,47.0,11710112512.0,1954.0,3840.0,1723992320.0,5546.0,,,,,,,
4,2,20,2,1,,,,,,,,,,,,,,,,,,,,,,,,,3.0,2922.0,47.0,829942400.0,345330054272.0,1470.0,2880.0,2875.0,4.0,515.0,47.0,121039552.0,4709141760.0,1486.0,2880.0,468.0,1718.5,47.0,175019598016.0,1478.0,2880.0,475490976.0,1671.5,1702.0060223160199,0.0,240855357051.18494,11.313708498984761,0.0,501270011.02325636,1702.0060223160199
4,2,20,2,2,,,,,,,,,,,,,,,,,,,,,,,,,,,,,,,,,4.0,203.0,109.0,36088064.0,1752873216.0,2665.0,4800.0,94.0,203.0,109.0,1752873216.0,2665.0,4800.0,36088064.0,94.0,,,,,,,
4,2,20,2,3,,,,,,,,,1.0,890.0,266.0,232499200.0,17747429632.0,4117.0,6720.0,624.0,,,,,,,,,,,,,,,,,,,,,,,,,890.0,266.0,17747429632.0,4117.0,6720.0,232499200.0,624.0,,,,,,,
4,2,20,3,1,,,,,,,,,,,,,,,,,,,,,,,,,3.0,1235.0,62.0,363342848.0,30374176576.0,1961.0,3840.0,1173.0,,,,,,,,,1235.0,62.0,30374176576.0,1961.0,3840.0,363342848.0,1173.0,,,,,,,
4,2,20,3,2,,,,,,,,,1.0,437.0,203.0,111762560.0,17678152553856.0,3645.0,6720.0,234.0,,,,,,,,,,,,,,,,,,,,,,,,,437.0,203.0,17678152553856.0,3645.0,6720.0,111762560.0,234.0,,,,,,,
4,2,50,0,0,0.0,219.0,156.0,32332944.0,32332944.0,913.0,2400.0,63.0,1.0,5796.0,6389.0,1229919232.0,1292830720.0,922.0,2400.0,-593.0,2.0,500.0,531.0,127674640.0,127674640.0,919.0,2400.0,-31.0,3.0,281.0,250.0,44786688.0,44792832.0,937.0,2400.0,31.0,4.0,141.0,93.0,13561168.0,14519632.0,913.0,2400.0,48.0,1387.4,1483.8,302430153.6,920.8,2400.0,289654934.4,-96.4,2468.0977087627634,2747.2010665402704,555350054.4750925,9.85900603509299,0.0,527431843.41640264,279.9014112147347
4,3,5,0,0,0.0,62.0,0.0,256.0,256.0,73.0,960.0,62.0,1.0,47.0,0.0,272.0,272.0,97.0,960.0,47.0,2.0,47.0,0.0,128.0,128.0,58.0,960.0,47.0,3.0,47.0,0.0,512.0,512.0,151.0,960.0,47.0,4.0,47.0,0.0,320.0,320.0,106.0,960.0,47.0,50.0,0.0,297.6,97.0,960.0,297.6,50.0,6.708203932499369,0.0,139.30111270194507,35.68613176011096,0.0,139.30111270194507,6.708203932499369
4,3,5,1,1,0.0,63.0,16.0,1280.0,1280.0,222.0,1920.0,47.0,1.0,62.0,0.0,2880.0,5184.0,154.0,1920.0,62.0,2.0,47.0,0.0,1856.0,4864.0,157.0,1920.0,47.0,3.0,47.0,15.0,1280.0,3968.0,106.0,1920.0,32.0,4.0,62.0,16.0,1024.0,5184.0,189.0,1920.0,46.0,56.2,9.4,4096.0,165.6,1920.0,1664.0,46.8,8.408329203831164,8.590692637965812,1651.0263474578471,43.27008204290812,0.0,744.9885905166602,10.61602562167217
4,3,5,1,2,0.0,62.0,16.0,7744.0,16640.0,278.0,2880.0,46.0,1.0,63.0,15.0,4032.0,16448.0,293.0,2880.0,48.0,2.0,47.0,15.0,7936.0,59392.0,350.0,2880.0,32.0,3.0,63.0,0.0,9472.0,20480.0,422.0,2880.0,63.0,4.0,63.0,16.0,3584.0,6144.0,422.0,2880.0,47.0,59.6,12.4,23820.8,353.0,2880.0,6553.6,47.2,7.056911505750941,6.9498201415576215,20584.35413609084,68.47627326307996,0.0,2599.140781104402,10.986355173577815
4,3,5,1,3,0.0,62.0,16.0,6720.0,248896.0,565.0,3840.0,46.0,1.0,62.0,15.0,7168.0,17408.0,709.0,3840.0,47.0,2.0,47.0,16.0,4992.0,67712.0,511.0,3840.0,31.0,3.0,62.0,16.0,20992.0,397568.0,745.0,3840.0,46.0,4.0,62.0,16.0,12288.0,75776.0,829.0,3840.0,46.0,59.0,15.8,161472.0,671.8,3840.0,10432.0,43.2,6.708203932499369,0.4472135954999579,158329.92065936243,131.06944724076624,0.0,6499.703377847331,6.833739825307955
4,3,5,2,1,0.0,62.0,16.0,3456.0,12864.0,309.0,2880.0,46.0,1.0,62.0,16.0,4480.0,12032.0,394.0,2880.0,46.0,2.0,62.0,15.0,1856.0,8064.0,273.0,2880.0,47.0,3.0,62.0,15.0,7296.0,56576.0,417.0,2880.0,47.0,4.0,62.0,16.0,3904.0,7680.0,429.0,2880.0,46.0,62.0,15.6,19443.2,364.4,2880.0,4198.4,46.4,0.0,0.5477225575051662,20886.09382340317,69.35272164810837,0.0,1987.403532250056,0.5477225575051661
4,3,5,2,2,0.0,62.0,47.0,129024.0,12820480.0,17709.0,4800.0,15.0,1.0,63.0,16.0,89728.0,21240768.0,2670.0,4800.0,47.0,2.0,62.0,31.0,8192.0,91904.0,809.0,4800.0,31.0,3.0,63.0,31.0,7680.0,334976.0,713.0,4800.0,32.0,4.0,63.0,15.0,133760.0,156288.0,4297.0,4800.0,48.0,62.6,28.0,6928883.2,5239.6,4800.0,73676.8,34.6,0.5477225575051661,13.152946437965905,9690625.648903543,7125.615748831816,0.0,62399.4814337427,13.575713609236164
4,3,5,2,3,0.0,62.0,31.0,82944.0,1375232.0,2821.0,6720.0,31.0,1.0,63.0,32.0,76736.0,155136.0,1561.0,6720.0,31.0,2.0,62.0,15.0,13760.0,1872064.0,1078.0,6720.0,47.0,3.0,62.0,32.0,818176.0,549760017664.0,4381.0,6720.0,30.0,4.0,79.0,16.0,69568.0,3170240.0,5809.0,6720.0,63.0,65.6,25.2,109953318067.2,3130.0,6720.0,212236.8,40.4,7.503332592921628,8.87130204648675,245859419316.94302,1969.1361049963002,0.0,339848.0673995366,14.484474446799926
4,3,5,3,1,0.0,78.0,16.0,10816.0,4205632.0,425.0,3840.0,62.0,1.0,78.0,15.0,5760.0,71424.0,369.0,3840.0,63.0,2.0,78.0,16.0,19968.0,265216.0,790.0,3840.0,62.0,3.0,63.0,15.0,16704.0,16960.0,1693.0,3840.0,48.0,4.0,62.0,15.0,3584.0,5632.0,425.0,3840.0,47.0,71.8,15.4,912972.8,740.4,3840.0,11366.4,56.4,8.497058314499201,0.5477225575051662,1843604.087594514,558.3008149734335,0.0,6978.142790169889,8.142481194328912
4,3,5,3,2,0.0,79.0,32.0,92288.0,7516199296.0,2157.0,6720.0,47.0,1.0,62.0,16.0,31616.0,9442368.0,2149.0,6720.0,46.0,2.0,62.0,31.0,135168.0,335564288.0,6742.0,6720.0,31.0,,,,,,,,,4.0,62.0,16.0,51712.0,117450752.0,2118.0,6720.0,46.0,66.25,23.75,1994664176.0,3291.5,6720.0,77696.0,42.5,8.5,8.958236433584458,3683521792.431785,2300.394821184688,0.0,45878.43321939696,7.681145747868608
4,3,5,3,3,0.0,472.0,46.0,116480.0,120338796672.0,4225.0,9600.0,426.0,1.0,78.0,31.0,293696.0,158376976064.0,7789.0,9600.0,47.0,2.0,79.0,171.0,983040.0,142807696384.0,71617.0,9600.0,-92.0,,,,,,,,,,,,,,,,,209.66666666666666,82.66666666666667,140507823040.0,27877.0,9600.0,464405.3333333333,127.0,227.18788113218835,76.8656837173347,19123096922.656765,37921.84362606861,0.0,457807.6187279252,268.1063221932672
4,3,20,0,0,0.0,63.0,16.0,1417024.0,1417024.0,1033.0,3840.0,47.0,1.0,62.0,15.0,1261312.0,1261312.0,889.0,3840.0,47.0,2.0,62.0,16.0,676416.0,676416.0,907.0,3840.0,46.0,3.0,62.0,0.0,527104.0,527104.0,985.0,3840.0,62.0,4.0,62.0,16.0,654336.0,654336.0,937.0,3840.0,46.0,62.2,12.6,907238.4,950.2,3840.0,907238.4,49.6,0.4472135954999579,7.05691150575094,402178.5171149747,58.8489592091483,0.0,402178.5171149747,6.9498201415576215
4,3,20,1,1,0.0,156.0,31.0,16120320.0,65363456.0,1863.0,7680.0,125.0,,,,,,,,,2.0,125.0,31.0,11341056.0,68320256.0,2058.0,7680.0,94.0,3.0,94.0,15.0,5254912.0,305597440.0,1889.0,7680.0,79.0,4.0,109.0,15.0,7324928.0,35009024.0,2089.0,7680.0,94.0,121.0,23.0,118572544.0,1974.75,7680.0,10010304.0,98.0,26.54555832275273,9.237604307034012,125588843.84321709,115.21682458159775,0.0,4793335.4337315755,19.339079605813716
4,3,20,1,3,,,,,,,,,1.0,109.0,62.0,8982272.0,1353416448.0,4777.0,15360.0,47.0,,,,,,,,,,,,,,,,,4.0,95836.0,94.0,3844420096.0,965329891840.0,5698.0,15360.0,95742.0,47972.5,78.0,483341654144.0,5237.5,15360.0,1926701184.0,47894.5,67689.21084264464,22.627416997969522,681634302653.9902,651.2453454728103,0.0,2712064094.169776,67666.58342564666
4,3,20,2,1,,,,,,,,,,,,,,,,,,,,,,,,,3.0,296.0,47.0,53131776.0,1387458048.0,3681.0,11520.0,249.0,4.0,296.0,31.0,63316736.0,520598272.0,3605.0,11520.0,265.0,296.0,39.0,954028160.0,3643.0,11520.0,58224256.0,257.0,0.0,11.313708498984761,612962425.9474516,53.74011537017761,0.0,7201854.282113739,11.313708498984761
4,3,20,2,2,,,,,,,,,,,,,,,,,2.0,8029.0,63.0,2048587008.0,5773514788096.0,7601.0,19200.0,7966.0,3.0,968.0,93.0,296074752.0,2359446016.0,6441.0,19200.0,875.0,,,,,,,,,4498.5,78.0,2887937117056.0,7021.0,19200.0,1172330880.0,4420.5,4992.880981958212,21.213203435596427,4080823077665.7373,820.2438661763952,0.0,1239213300.3301349,5014.094185393808
4,3,20,3,1,,,,,,,,,1.0,1187.0,47.0,353553152.0,217134501120.0,3809.0,15360.0,1140.0,,,,,,,,,3.0,5108.0,62.0,1304472832.0,277496300800.0,6849.0,15360.0,5046.0,4.0,640.0,78.0,146007040.0,86346778624.0,5370.0,15360.0,562.0,2311.6666666666665,62.333333333333336,193659193514.66666,5342.666666666667,15360.0,601344341.3333334,2249.3333333333335,2437.0909571317466,15.50268793897798,97713113282.72191,1520.1843090011598,0.0,617706324.1880949,2439.1657043615
4,5,5,0,0,0.0,46.0,16.0,320.0,320.0,118.0,15360.0,30.0,1.0,47.0,15.0,320.0,320.0,121.0,15360.0,32.0,2.0,47.0,16.0,512.0,512.0,157.0,15360.0,31.0,3.0,47.0,0.0,0.0,0.0,346.0,15360.0,47.0,4.0,47.0,0.0,208.0,208.0,49.0,15360.0,47.0,46.8,9.4,272.0,158.2,15360.0,272.0,37.4,0.4472135954999579,8.590692637965812,187.275198571514,112.02098017782205,0.0,187.275198571514,8.792041856133306
4,5,5,1,1,0.0,62.0,16.0,1936.0,2240.0,141.0,30720.0,46.0,1.0,47.0,0.0,1280.0,6720.0,157.0,30720.0,47.0,2.0,47.0,15.0,5376.0,10240.0,373.0,30720.0,32.0,3.0,47.0,16.0,1216.0,1472.0,126.0,30720.0,31.0,4.0,47.0,15.0,768.0,1984.0,117.0,30720.0,32.0,50.0,12.4,4531.2,182.8,30720.0,2115.2,37.6,6.708203932499369,6.9498201415576215,3823.5380474110625,107.40670370139844,0.0,1869.8928311537002,8.142481194328912
4,5,5,1,2,0.0,63.0,16.0,19264.0,53504.0,337.0,46080.0,47.0,1.0,47.0,0.0,20224.0,220160.0,598.0,46080.0,47.0,2.0,47.0,0.0,9856.0,22656.0,389.0,46080.0,47.0,3.0,47.0,15.0,7296.0,13312.0,442.0,46080.0,32.0,4.0,47.0,16.0,24832.0,205056.0,469.0,46080.0,31.0,50.2,9.4,102937.6,447.0,46080.0,16294.4,40.8,7.155417527999326,8.590692637965812,101354.35728571318,98.45557373760005,0.0,7409.033189289949,8.497058314499201
4,5,5,1,3,0.0,47.0,16.0,151296.0,268444416.0,5530.0,61440.0,31.0,1.0,63.0,16.0,3584.0,5056.0,370.0,61440.0,47.0,2.0,62.0,16.0,5568.0,9024.0,385.0,61440.0,46.0,3.0,47.0,16.0,4032.0,77056.0,541.0,61440.0,31.0,4.0,62.0,0.0,6912.0,84224.0,382.0,61440.0,62.0,56.2,12.8,53723955.2,1441.6,61440.0,34278.4,43.4,8.408329203831164,7.155417527999327,120032392.30331542,2286.568236462669,0.0,65428.045460643254,12.973048986263793
4,5,5,2,1,0.0,62.0,15.0,1088.0,10048.0,229.0,46080.0,47.0,1.0,62.0,15.0,3072.0,53248.0,377.0,46080.0,47.0,2.0,62.0,15.0,5632.0,7936.0,369.0,46080.0,47.0,3.0,63.0,16.0,4736.0,16384.0,429.0,46080.0,47.0,4.0,63.0,16.0,4864.0,67456.0,245.0,46080.0,47.0,62.4,15.4,31014.4,329.8,46080.0,3878.4,47.0,0.5477225575051661,0.5477225575051662,27425.23591147394,87.97272304527125,0.0,1817.8704024214708,0.0
4,5,5,2,2,0.0,62.0,16.0,46208.0,324416.0,1854.0,76800.0,46.0,1.0,63.0,16.0,18688.0,1059328.0,581.0,76800.0,47.0,2.0,63.0,16.0,13312.0,368640.0,933.0,76800.0,47.0,3.0,62.0,31.0,11264.0,101632.0,1137.0,76800.0,31.0,4.0,63.0,16.0,22144.0,263424.0,1471.0,76800.0,47.0,62.6,19.0,423488.0,1195.2,76800.0,22323.2,43.6,0.5477225575051661,6.708203932499369,369569.96587926353,489.76034955884296,0.0,14028.881751586618,7.05691150575094
4,5,5,2,3,0.0,63.0,15.0,29376.0,381120.0,3271.0,107520.0,48.0,1.0,62.0,32.0,74688.0,1621236224.0,3025.0,107520.0,30.0,2.0,62.0,32.0,24192.0,7344896.0,1237.0,107520.0,30.0,3.0,62.0,31.0,123584.0,471871936.0,3478.0,107520.0,31.0,4.0,63.0,15.0,40896.0,670912.0,2050.0,107520.0,48.0,62.4,25.0,420301017.6,2612.2,107520.0,58547.2,37.4,0.5477225575051661,9.137833441248533,701402137.4876195,943.5670087492462,0.0,41331.32685022343,9.6850400102426
4,5,5,3,1,,,,,,,,,1.0,62.0,16.0,5504.0,22336.0,362.0,61440.0,46.0,2.0,78.0,16.0,8384.0,26368.0,530.0,61440.0,62.0,3.0,78.0,16.0,3648.0,27072.0,349.0,61440.0,62.0,4.0,63.0,15.0,17600.0,244736.0,1533.0,61440.0,48.0,70.25,15.75,80128.0,693.5,61440.0,8784.0,54.5,8.958236433584458,0.5,109758.50105876385,565.7045754337388,0.0,6191.896639964204,8.698658900466592
4,5,5,3,2,0.0,62.0,47.0,361472.0,1019254784.0,12869.0,107520.0,15.0,1.0,62.0,16.0,28672.0,138240.0,1169.0,107520.0,46.0,2.0,63.0,16.0,59904.0,402659072.0,3742.0,107520.0,47.0,3.0,63.0,16.0,78080.0,37755264.0,1933.0,107520.0,47.0,4.0,62.0,15.0,30208.0,101198080.0,2037.0,107520.0,47.0,62.4,22.0,312201088.0,4350.0,107520.0,111667.2,40.4,0.5477225575051661,13.982131454109563,425832589.3747926,4854.21579660402,0.0,141185.84513753493,14.205632685663812
4,5,20,0,0,0.0,1047.0,1156.0,225185792.0,225185792.0,8935.0,61440.0,-109.0,1.0,125.0,109.0,12065792.0,12065792.0,6253.0,61440.0,16.0,2.0,171.0,172.0,20606976.0,20606976.0,8365.0,61440.0,-1.0,3.0,79.0,47.0,5402624.0,5402624.0,6697.0,61440.0,32.0,4.0,2968.0,3312.0,346165248.0,346165248.0,7213.0,61440.0,-344.0,878.0,959.2,121885286.4,7492.6,61440.0,121885286.4,-81.2,1235.103234551671,1391.854051256812,155610349.73617265,1127.9808509012908,0.0,155610349.73617265,156.9480805871802
4,5,20,1,1,0.0,4608.0,640.0,414422016.0,17671721984.0,21013.0,122880.0,3968.0,,,,,,,,,,,,,,,,,3.0,1328.0,281.0,201523200.0,792084480.0,20857.0,122880.0,1047.0,4.0,12497.0,1016.0,1874235392.0,17343451136.0,19210.0,122880.0,11481.0,6144.333333333333,645.6666666666666,11935752533.333334,20360.0,122880.0,830060202.6666666,5498.666666666667,5740.808334488562,367.5327649793054,9652095300.999317,998.9789787578115,0.0,910526136.8999944,5382.777566771019
4,5,20,1,2,,,,,,,,,,,,,,,,,,,,,,,,,3.0,3718.0,546.0,660611072.0,14855053312.0,40109.0,184320.0,3172.0,,,,,,,,,3718.0,546.0,14855053312.0,40109.0,184320.0,660611072.0,3172.0,,,,,,,
4,5,20,1,3,0.0,308723.0,893275.0,3488298240.0,13980857600.0,36982.0,245760.0,-584552.0,,,,,,,,,,,,,,,,,,,,,,,,,,,,,,,,,308723.0,893275.0,13980857600.0,36982.0,245760.0,3488298240.0,-584552.0,,,,,,,
4,5,20,2,1,0.0,2577.0,1453.0,477565952.0,10274493440.0,29397.0,184320.0,1124.0,1.0,4515.0,297.0,391706624.0,1896002560.0,27369.0,184320.0,4218.0,2.0,10170.0,312.0,1189428224.0,5331549184.0,28737.0,184320.0,9858.0,3.0,6842.0,2203.0,1265541120.0,5887893504.0,36549.0,184320.0,4639.0,,,,,,,,,6026.0,1066.25,5847484672.0,30513.0,184320.0,831060480.0,4959.75,3266.8697555917347,931.3815455189851,3439013415.447627,4111.677030118003,0.0,460141666.0777674,3622.103659017321
4,5,20,2,2,,,,,,,,,,,,,,,,,2.0,8279.0,1000.0,804665600.0,1549334784.0,43610.0,307200.0,7279.0,3.0,12419.0,1125.0,1848449024.0,60748240896.0,40374.0,307200.0,11294.0,4.0,2031.0,297.0,381816832.0,3596505088.0,65481.0,307200.0,1734.0,7576.333333333333,807.3333333333334,21964693589.333332,49821.666666666664,307200.0,1011643818.6666666,6769.0,5229.52591860231,446.3589736225019,33603130551.032494,13657.560702165425,0.0,754905612.5798119,4800.36196551885
4,5,20,2,3,,,,,,,,,1.0,10310.0,344.0,1969266688.0,2204199317504.0,68989.0,430080.0,9966.0,,,,,,,,,,,,,,,,,,,,,,,,,10310.0,344.0,2204199317504.0,68989.0,430080.0,1969266688.0,9966.0,,,,,,,
4,5,20,3,1,,,,,,,,,,,,,,,,,2.0,4738.0,141.0,895205376.0,9463549952.0,44947.0,245760.0,4597.0,3.0,7686.0,203.0,772542464.0,16692441088.0,38102.0,245760.0,7483.0,4.0,9498.0,2437.0,1272291328.0,287194390528.0,41593.0,245760.0,7061.0,7307.333333333333,927.0,104450127189.33333,41547.333333333336,245760.0,980013056.0,6380.333333333333,2402.4864897296166,1308.0657475830487,158302443298.13107,3422.7284924944506,0.0,260444790.13326302,1558.758908020523
