,,,,,Fold = 1,Fold = 1,Fold = 1,Fold = 1,Fold = 1,Fold = 1,Fold = 1,Fold = 2,Fold = 2,Fold = 2,Fold = 2,Fold = 2,Fold = 2,Fold = 2,Fold = 3,Fold = 3,Fold = 3,Fold = 3,Fold = 3,Fold = 3,Fold = 3,Fold = 4,Fold = 4,Fold = 4,Fold = 4,Fold = 4,Fold = 4,Fold = 4,Fold = 5,Fold = 5,Fold = 5,Fold = 5,Fold = 5,Fold = 5,Fold = 5,Avg_Hugin,Avg_SIIC,Avg_HuginCost,Avg_SIICCost,Avg_complexity,Avg_difference
,,,,,fold,Hugin,SIIC,HuginCost,SIICCost,complexity,difference,fold,Hugin,SIIC,HuginCost,SIICCost,complexity,difference,fold,Hugin,SIIC,HuginCost,SIICCost,complexity,difference,fold,Hugin,SIIC,HuginCost,SIICCost,complexity,difference,fold,Hugin,SIIC,HuginCost,SIICCost,complexity,difference,,,,,,
NOS,NOPar,NON,NOC,NOO,,,,,,,,,,,,,,,,,,,,,,,,,,,,,,,,,,,,,,,,,
2,2,5,0,0,0.0,66.0,4.0,24.0,24.0,20.0,62.0,1.0,13.0,4.0,28.0,28.0,20.0,9.0,2.0,9.0,3.0,32.0,32.0,20.0,6.0,3.0,11.0,2.0,24.0,24.0,20.0,9.0,4.0,9.0,2.0,32.0,32.0,20.0,7.0,24.875690945177787,1.0,4.0,4.0,0.0,24.296090220444935
2,2,5,1,1,0.0,15.0,11.0,160.0,176.0,40.0,4.0,1.0,14.0,9.0,104.0,96.0,40.0,5.0,2.0,15.0,8.0,104.0,136.0,40.0,7.0,3.0,13.0,11.0,96.0,104.0,40.0,2.0,4.0,14.0,9.0,112.0,120.0,40.0,5.0,0.8366600265340756,1.3416407864998738,25.674890457409944,31.69858040985432,0.0,1.816590212458495
2,2,5,1,2,0.0,14.0,11.0,384.0,1680.0,60.0,3.0,1.0,13.0,12.0,152.0,616.0,60.0,1.0,2.0,14.0,10.0,176.0,200.0,60.0,4.0,3.0,14.0,10.0,200.0,384.0,60.0,4.0,4.0,14.0,11.0,160.0,192.0,60.0,3.0,0.4472135954999579,0.8366600265340756,96.56500401284102,620.2296348933997,0.0,1.224744871391589
2,2,5,1,3,0.0,21.0,14.0,296.0,432.0,80.0,7.0,1.0,20.0,20.0,224.0,1832.0,80.0,0.0,2.0,19.0,11.0,408.0,496.0,80.0,8.0,3.0,14.0,15.0,400.0,2816.0,80.0,-1.0,4.0,19.0,11.0,416.0,2432.0,80.0,8.0,2.701851217221259,3.7013511046643495,85.1539781807051,1096.3269585301641,0.0,4.505552130427524
2,2,5,2,1,0.0,23.0,18.0,272.0,1264.0,60.0,5.0,1.0,17.0,14.0,184.0,192.0,60.0,3.0,2.0,19.0,12.0,304.0,720.0,60.0,7.0,3.0,21.0,10.0,320.0,336.0,60.0,11.0,4.0,18.0,12.0,216.0,336.0,60.0,6.0,2.4083189157584592,3.03315017762062,57.85499114164654,434.8940100760184,0.0,2.9664793948382653
2,2,5,2,2,0.0,18.0,12.0,360.0,640.0,100.0,6.0,1.0,18.0,16.0,368.0,944.0,100.0,2.0,2.0,20.0,14.0,560.0,3456.0,100.0,6.0,3.0,18.0,13.0,608.0,1056.0,100.0,5.0,4.0,20.0,13.0,368.0,528.0,100.0,7.0,1.0954451150103321,1.51657508881031,121.00909056760983,1210.6936854547478,0.0,1.9235384061671348
2,2,5,2,3,0.0,18.0,14.0,1552.0,19104.0,140.0,4.0,1.0,18.0,16.0,1008.0,12896.0,140.0,2.0,2.0,19.0,15.0,904.0,10984.0,140.0,4.0,,,,,,,,4.0,17.0,22.0,744.0,2232.0,140.0,-5.0,0.816496580927726,3.593976442141304,350.57286451368896,6970.845190266864,0.0,4.272001872658765
2,2,5,3,1,0.0,23.0,13.0,368.0,1408.0,80.0,10.0,1.0,23.0,15.0,392.0,1256.0,80.0,8.0,2.0,22.0,14.0,312.0,512.0,80.0,8.0,3.0,22.0,17.0,376.0,8960.0,80.0,5.0,4.0,24.0,17.0,368.0,984.0,80.0,7.0,0.8366600265340756,1.7888543819998317,30.252272641902458,3558.269242201888,0.0,1.816590212458495
2,2,5,3,2,0.0,49.0,24.0,1856.0,131584.0,140.0,25.0,1.0,47.0,23.0,1632.0,57744.0,140.0,24.0,2.0,32.0,21.0,688.0,4488.0,140.0,11.0,3.0,27.0,17.0,1760.0,31232.0,140.0,10.0,4.0,22.0,12.0,1472.0,238000.0,140.0,10.0,12.054044964243332,4.9295030175464944,466.42126881178996,94081.89052522277,0.0,7.7781745930520225
2,2,5,3,3,0.0,23.0,16.0,3488.0,235912.0,200.0,7.0,1.0,22.0,18.0,5480.0,129528.0,200.0,4.0,2.0,22.0,18.0,1992.0,109032.0,200.0,4.0,3.0,23.0,19.0,2136.0,590424.0,200.0,4.0,4.0,22.0,20.0,4736.0,53704.0,200.0,2.0,0.5477225575051661,1.4832396974191326,1546.0235444520242,215378.37573906995,0.0,1.7888543819998317
2,2,20,0,0,0.0,96.0,10.0,888.0,888.0,80.0,86.0,1.0,13.0,8.0,572.0,572.0,80.0,5.0,2.0,9.0,7.0,696.0,696.0,80.0,2.0,3.0,11.0,6.0,816.0,816.0,80.0,5.0,4.0,8.0,4.0,804.0,804.0,80.0,4.0,38.3966144340878,2.23606797749979,123.26881195176662,123.26881195176662,0.0,36.6919609723983
2,2,20,1,1,,,,,,,,,,,,,,,,,,,,,,3.0,14.0,17.0,11584.0,98392.0,160.0,-3.0,4.0,15.0,21.0,25648.0,170960.0,160.0,-6.0,0.7071067811865476,2.8284271247461903,9944.749770607605,51313.32489714538,0.0,2.1213203435596424
2,2,20,1,2,0.0,19.0,36.0,53656.0,102072.0,240.0,-17.0,1.0,25.0,27.0,17392.0,39464.0,240.0,-2.0,2.0,21.0,39.0,16928.0,163360.0,240.0,-18.0,,,,,,,,4.0,20.0,42.0,31232.0,108368.0,240.0,-22.0,2.6299556396765835,6.48074069840786,17231.813524215417,50693.29370505202,0.0,8.770214744615247
2,2,20,1,3,,,,,,,,1.0,23.0,39.0,25208.0,120784.0,320.0,-16.0,,,,,,,,,,,,,,,4.0,17.0,22.0,111656.0,9781304.0,320.0,-5.0,4.242640687119285,12.020815280171307,61127.96702001466,6831019.201788266,0.0,7.7781745930520225
2,2,20,2,1,0.0,23.0,19.0,10288.0,27368.0,240.0,4.0,,,,,,,,,,,,,,,,,,,,,,,,,,,,,,,,,,
2,2,20,2,2,,,,,,,,1.0,28.0,61.0,277024.0,15824384.0,400.0,-33.0,,,,,,,,3.0,24.0,67.0,397568.0,289632.0,400.0,-43.0,,,,,,,,2.8284271247461903,4.242640687119285,85237.47983135119,10984728.483251281,0.0,7.0710678118654755
2,2,20,2,3,,,,,,,,1.0,23.0,113.0,314376.0,175452416.0,560.0,-90.0,,,,,,,,3.0,32.0,111.0,974984.0,1624233928.0,560.0,-79.0,,,,,,,,6.363961030678928,1.4142135623730951,467120.3965060828,1024443231.5928994,0.0,7.7781745930520225
2,2,20,3,1,,,,,,,,,,,,,,,2.0,31.0,76.0,28328.0,115504.0,320.0,-45.0,3.0,33.0,43.0,185720.0,17259288.0,320.0,-10.0,4.0,26.0,42.0,326424.0,444808.0,320.0,-16.0,3.605551275463989,19.347695814575268,149125.83193173923,9804289.10080916,0.0,18.717193521821944
2,2,20,3,2,0.0,52.0,142.0,4954048.0,-1844252368.0,560.0,-90.0,,,,,,,,,,,,,,,3.0,41.0,178.0,1199952.0,8573888.0,560.0,-137.0,,,,,,,,7.7781745930520225,25.45584412271571,2654546.7388252933,1310146009.978082,0.0,33.23401871576773
2,2,20,3,3,,,,,,,,,,,,,,,2.0,182.0,458.0,41531088.0,94178360.0,800.0,-276.0,,,,,,,,,,,,,,,,,,,,
2,2,50,0,0,0.0,89.0,32.0,21296.0,21296.0,200.0,57.0,1.0,14.0,23.0,40340.0,40340.0,200.0,-9.0,2.0,20.0,18.0,36344.0,36344.0,200.0,2.0,3.0,15.0,14.0,156120.0,108248.0,200.0,1.0,4.0,14.0,17.0,109100.0,109100.0,200.0,-3.0,32.85270156318959,7.049822692805827,57652.272184190624,42236.866417858226,0.0,26.847718711279736
2,2,50,1,1,0.0,714.0,60.0,160307400.0,87355896.0,400.0,654.0,1.0,43.0,70.0,5108816.0,24585360.0,400.0,-27.0,,,,,,,,,,,,,,,,,,,,,,474.4686501761734,7.0710678118654755,109741971.17695002,44385471.66431431,0.0,481.5397179880389
2,2,50,1,2,0.0,109.0,190.0,17020784.0,162366464.0,600.0,-81.0,,,,,,,,,,,,,,,,,,,,,,,,,,,,,,,,,,
2,2,50,2,1,,,,,,,,,,,,,,,2.0,6067.0,186.0,1318162352.0,949363776.0,600.0,5881.0,,,,,,,,,,,,,,,,,,,,
2,3,5,0,0,0.0,8.0,2.0,32.0,32.0,40.0,6.0,1.0,9.0,2.0,32.0,32.0,40.0,7.0,2.0,7.0,2.0,20.0,20.0,40.0,5.0,3.0,7.0,3.0,32.0,32.0,40.0,4.0,4.0,10.0,2.0,24.0,24.0,40.0,8.0,1.3038404810405297,0.4472135954999579,5.656854249492381,5.656854249492381,0.0,1.5811388300841898
2,3,5,1,1,0.0,14.0,7.0,112.0,288.0,80.0,7.0,1.0,14.0,5.0,112.0,104.0,80.0,9.0,2.0,13.0,7.0,152.0,200.0,80.0,6.0,3.0,15.0,8.0,176.0,272.0,80.0,7.0,4.0,13.0,8.0,120.0,144.0,80.0,5.0,0.8366600265340756,1.224744871391589,28.50964748992874,79.47829892492668,0.0,1.4832396974191326
2,3,5,1,2,0.0,14.0,8.0,140.0,164.0,120.0,6.0,1.0,13.0,9.0,208.0,272.0,120.0,4.0,2.0,14.0,10.0,400.0,400.0,120.0,4.0,3.0,15.0,8.0,144.0,184.0,120.0,7.0,4.0,13.0,9.0,232.0,320.0,120.0,4.0,0.8366600265340756,0.8366600265340756,105.76956083864582,97.48846085563153,0.0,1.4142135623730951
2,3,5,1,3,0.0,14.0,8.0,528.0,976.0,160.0,6.0,1.0,14.0,12.0,552.0,1440.0,160.0,2.0,2.0,18.0,10.0,296.0,552.0,160.0,8.0,3.0,14.0,9.0,264.0,360.0,160.0,5.0,4.0,13.0,7.0,592.0,2112.0,160.0,6.0,1.9493588689617927,1.9235384061671346,154.02856877865224,707.5139574594978,0.0,2.1908902300206643
2,3,5,2,1,0.0,19.0,13.0,200.0,672.0,120.0,6.0,1.0,19.0,13.0,224.0,344.0,120.0,6.0,2.0,18.0,10.0,216.0,408.0,120.0,8.0,3.0,20.0,11.0,288.0,416.0,120.0,9.0,4.0,18.0,12.0,208.0,464.0,120.0,6.0,0.8366600265340756,1.3038404810405297,35.14541221838207,125.5515830246676,0.0,1.4142135623730951
2,3,5,2,2,0.0,19.0,15.0,656.0,5584.0,200.0,4.0,1.0,18.0,13.0,512.0,1024.0,200.0,5.0,2.0,18.0,12.0,720.0,1632.0,200.0,6.0,3.0,19.0,11.0,384.0,496.0,200.0,8.0,4.0,17.0,12.0,320.0,24832.0,200.0,5.0,0.8366600265340756,1.51657508881031,171.05788493957243,10324.790206101043,0.0,1.51657508881031
2,3,5,2,3,,,,,,,,1.0,21.0,14.0,1600.0,6272.0,280.0,7.0,2.0,19.0,11.0,5168.0,203280.0,280.0,8.0,3.0,18.0,12.0,2640.0,167520.0,280.0,6.0,4.0,18.0,14.0,1312.0,8040.0,280.0,4.0,1.4142135623730951,1.5,1754.0019004170624,103942.09164722441,0.0,1.707825127659933
2,3,5,3,1,0.0,22.0,14.0,312.0,520.0,160.0,8.0,1.0,23.0,11.0,424.0,1168.0,160.0,12.0,2.0,24.0,14.0,488.0,1272.0,160.0,10.0,3.0,22.0,14.0,384.0,768.0,160.0,8.0,4.0,23.0,17.0,440.0,1360.0,160.0,6.0,0.8366600265340756,2.1213203435596424,66.06663303060026,358.63742136034824,0.0,2.2803508501982757
2,3,5,3,2,0.0,25.0,12.0,2192.0,110928.0,280.0,13.0,1.0,24.0,15.0,992.0,3280.0,280.0,9.0,,,,,,,,3.0,24.0,16.0,1248.0,14592.0,280.0,8.0,4.0,25.0,17.0,880.0,9856.0,280.0,8.0,0.5773502691896257,2.160246899469287,596.23708930816,51053.81213321228,0.0,2.3804761428476167
2,3,5,3,3,0.0,24.0,15.0,2168.0,305632.0,400.0,9.0,1.0,23.0,16.0,3888.0,1278464.0,400.0,7.0,2.0,23.0,18.0,3208.0,156032.0,400.0,5.0,3.0,23.0,16.0,13552.0,459808.0,400.0,7.0,4.0,24.0,24.0,2784.0,28552.0,400.0,0.0,0.5477225575051661,3.63318042491699,4755.086539696202,492756.01571244164,0.0,3.4351128074635335
2,3,20,0,0,0.0,12.0,7.0,4512.0,4512.0,160.0,5.0,1.0,9.0,3.0,3712.0,3712.0,160.0,6.0,2.0,11.0,3.0,2016.0,2016.0,160.0,8.0,3.0,11.0,3.0,4096.0,4096.0,160.0,8.0,4.0,7.0,6.0,5168.0,5168.0,160.0,1.0,2.0,1.9493588689617927,1183.805389411621,1183.805389411621,0.0,2.8809720581775866
2,3,20,1,1,0.0,15.0,13.0,11608.0,29752.0,320.0,2.0,1.0,16.0,8.0,18784.0,37824.0,320.0,8.0,2.0,15.0,12.0,15424.0,90528.0,320.0,3.0,3.0,17.0,12.0,9776.0,14128.0,320.0,5.0,,,,,,,,0.9574271077563381,2.217355782608345,4018.1528094386854,33140.05729224579,0.0,2.6457513110645907
2,3,20,1,2,0.0,17.0,20.0,15328.0,35696.0,480.0,-3.0,1.0,18.0,14.0,123488.0,862976.0,480.0,4.0,2.0,18.0,15.0,74144.0,153664.0,480.0,3.0,3.0,19.0,17.0,40880.0,143664.0,480.0,2.0,,,,,,,,0.816496580927726,2.6457513110645907,46704.940723653635,379758.5859393658,0.0,3.1091263510296048
2,3,20,1,3,,,,,,,,,,,,,,,2.0,18.0,17.0,90912.0,390224.0,640.0,1.0,,,,,,,,,,,,,,,,,,,,
2,3,20,2,1,0.0,22.0,17.0,53952.0,138144.0,480.0,5.0,,,,,,,,2.0,19.0,20.0,50320.0,342480.0,480.0,-1.0,,,,,,,,4.0,18.0,17.0,74576.0,222576.0,480.0,1.0,2.081665999466133,1.7320508075688772,13082.394887787175,102679.8687961764,0.0,3.055050463303893
2,3,20,2,2,,,,,,,,,,,,,,,,,,,,,,3.0,23.0,31.0,496000.0,17324416.0,800.0,-8.0,,,,,,,,,,,,,
2,3,20,2,3,,,,,,,,,,,,,,,2.0,30.0,81.0,749632.0,47472768.0,1120.0,-51.0,,,,,,,,,,,,,,,,,,,,
2,3,20,3,1,0.0,28.0,28.0,81704.0,851312.0,640.0,0.0,,,,,,,,,,,,,,,,,,,,,,,,,,,,,,,,,,
2,3,20,3,2,0.0,29.0,90.0,133920.0,1034752.0,1120.0,-61.0,1.0,30.0,80.0,553120.0,40137504.0,1120.0,-50.0,2.0,32.0,71.0,782240.0,1125017952.0,1120.0,-39.0,,,,,,,,,,,,,,,1.5275252316519465,9.50438495292217,328771.30775053956,637943681.6246523,0.0,11.0
2,3,20,3,3,0.0,30.0,215.0,474112.0,119956192.0,1600.0,-185.0,,,,,,,,,,,,,,,,,,,,,,,,,,,,,,,,,,
2,3,50,0,0,0.0,63.0,67.0,11855136.0,11855136.0,400.0,-4.0,1.0,24.0,22.0,2032892.0,2032892.0,400.0,2.0,2.0,78.0,83.0,12577520.0,11600624.0,400.0,-5.0,3.0,31.0,30.0,3868872.0,3868872.0,400.0,1.0,4.0,34.0,39.0,3446416.0,4954128.0,400.0,-5.0,23.27015255644019,25.82053446387197,5037059.8179449085,4563579.703765543,0.0,3.420526275297414
2,3,50,1,1,0.0,1084.0,49.0,215493888.0,296937344.0,800.0,1035.0,,,,,,,,,,,,,,,,,,,,,,,,,,,,,,,,,,
2,3,50,1,2,0.0,453.0,145.0,63857776.0,560028560.0,1200.0,308.0,,,,,,,,2.0,437.0,126.0,81345136.0,381893616.0,1200.0,311.0,,,,,,,,,,,,,,,11.313708498984761,13.435028842544403,12365430.841050385,125960426.8686859,0.0,2.1213203435596424
2,5,5,0,0,0.0,10.0,2.0,32.0,32.0,160.0,8.0,1.0,6.0,2.0,24.0,24.0,160.0,4.0,2.0,8.0,2.0,16.0,16.0,160.0,6.0,3.0,8.0,2.0,20.0,20.0,160.0,6.0,4.0,7.0,2.0,28.0,28.0,160.0,5.0,1.4832396974191326,0.0,6.324555320336759,6.324555320336759,0.0,1.4832396974191326
2,5,5,1,1,0.0,13.0,8.0,192.0,176.0,320.0,5.0,1.0,12.0,9.0,144.0,160.0,320.0,3.0,2.0,14.0,8.0,128.0,168.0,320.0,6.0,3.0,13.0,9.0,176.0,192.0,320.0,4.0,4.0,13.0,5.0,112.0,304.0,320.0,8.0,0.7071067811865476,1.6431676725154984,33.17830616532435,59.329587896765304,0.0,1.9235384061671346
2,5,5,1,2,0.0,14.0,9.0,184.0,720.0,480.0,5.0,1.0,13.0,8.0,336.0,448.0,480.0,5.0,2.0,13.0,8.0,208.0,240.0,480.0,5.0,3.0,14.0,5.0,144.0,152.0,480.0,9.0,4.0,17.0,7.0,168.0,488.0,480.0,10.0,1.6431676725154984,1.51657508881031,75.25955088890711,223.09818466316574,0.0,2.4899799195977463
2,5,5,1,3,0.0,14.0,9.0,624.0,4416.0,640.0,5.0,1.0,14.0,9.0,416.0,640.0,640.0,5.0,2.0,13.0,6.0,400.0,416.0,640.0,7.0,3.0,14.0,10.0,688.0,1056.0,640.0,4.0,4.0,13.0,6.0,528.0,592.0,640.0,7.0,0.5477225575051661,1.8708286933869707,126.18716258003425,1688.966547922131,0.0,1.3416407864998738
2,5,5,2,1,0.0,17.0,10.0,200.0,216.0,480.0,7.0,1.0,19.0,11.0,216.0,440.0,480.0,8.0,2.0,17.0,11.0,224.0,280.0,480.0,6.0,3.0,18.0,7.0,168.0,168.0,480.0,11.0,4.0,18.0,10.0,240.0,352.0,480.0,8.0,0.8366600265340756,1.6431676725154984,27.36421020237931,108.16284019939565,0.0,1.8708286933869707
2,5,5,2,2,0.0,17.0,9.0,704.0,2112.0,800.0,8.0,1.0,17.0,11.0,496.0,2336.0,800.0,6.0,2.0,22.0,12.0,624.0,2528.0,800.0,10.0,3.0,18.0,10.0,640.0,1728.0,800.0,8.0,4.0,19.0,8.0,384.0,432.0,800.0,11.0,2.0736441353327724,1.5811388300841898,128.2996492590685,834.7953042512877,0.0,1.9493588689617927
2,5,5,2,3,0.0,19.0,17.0,1984.0,29568.0,1120.0,2.0,1.0,18.0,14.0,2624.0,664336.0,1120.0,4.0,2.0,18.0,10.0,2256.0,119488.0,1120.0,8.0,3.0,17.0,11.0,640.0,7440.0,1120.0,6.0,4.0,17.0,9.0,2304.0,27584.0,1120.0,8.0,0.8366600265340756,3.271085446759225,772.9507099421023,279887.5928425553,0.0,2.6076809620810595
2,5,5,3,1,0.0,22.0,10.0,696.0,2184.0,640.0,12.0,1.0,21.0,15.0,416.0,768.0,640.0,6.0,2.0,23.0,13.0,304.0,1088.0,640.0,10.0,3.0,26.0,13.0,280.0,416.0,640.0,13.0,4.0,23.0,10.0,320.0,2296.0,640.0,13.0,1.8708286933869707,2.16794833886788,171.63682588535596,847.0825225442915,0.0,2.949576240750525
2,5,5,3,2,0.0,22.0,12.0,704.0,1536.0,1120.0,10.0,1.0,22.0,12.0,896.0,2400.0,1120.0,10.0,2.0,23.0,13.0,2784.0,10336.0,1120.0,10.0,3.0,22.0,15.0,1088.0,3488.0,1120.0,7.0,4.0,23.0,11.0,672.0,7528.0,1120.0,12.0,0.5477225575051661,1.51657508881031,885.2497952555539,3738.0653819857134,0.0,1.7888543819998317
2,5,5,3,3,0.0,25.0,19.0,1816.0,25552.0,1600.0,6.0,1.0,25.0,15.0,2008.0,642488.0,1600.0,10.0,2.0,23.0,19.0,10136.0,331216.0,1600.0,4.0,3.0,23.0,18.0,2184.0,25464.0,1600.0,5.0,4.0,25.0,17.0,2464.0,591264.0,1600.0,8.0,1.0954451150103324,1.6733200530681511,3593.6762235905444,296272.02401036787,0.0,2.4083189157584592
2,5,20,0,0,0.0,7.0,4.0,24464.0,24464.0,640.0,3.0,1.0,14.0,6.0,19856.0,19856.0,640.0,8.0,2.0,11.0,6.0,22752.0,22752.0,640.0,5.0,3.0,10.0,4.0,10496.0,10496.0,640.0,6.0,4.0,9.0,6.0,63104.0,63104.0,640.0,3.0,2.588435821108957,1.0954451150103321,20279.053547934625,20279.053547934625,0.0,2.1213203435596424
2,5,20,1,1,0.0,11.0,11.0,45248.0,68416.0,1280.0,0.0,,,,,,,,2.0,20.0,13.0,68576.0,94944.0,1280.0,7.0,,,,,,,,4.0,19.0,11.0,102016.0,140928.0,1280.0,8.0,4.932882862316248,1.1547005383792517,28533.708159531827,36688.44773676495,0.0,4.358898943540674
2,5,20,1,2,,,,,,,,1.0,17.0,12.0,109952.0,403136.0,1920.0,5.0,2.0,17.0,12.0,194368.0,481088.0,1920.0,5.0,3.0,15.0,13.0,62528.0,134976.0,1920.0,2.0,,,,,,,,1.1547005383792515,0.5773502691896257,66779.34115677791,181557.98726944881,0.0,1.7320508075688772
2,5,20,1,3,0.0,16.0,15.0,240384.0,442688.0,2560.0,1.0,1.0,18.0,14.0,249024.0,501184.0,2560.0,4.0,2.0,20.0,13.0,344128.0,4056960.0,2560.0,7.0,,,,,,,,4.0,11.0,17.0,208064.0,458176.0,2560.0,-6.0,3.8622100754188224,1.707825127659933,58536.28080657898,1794975.9208932766,0.0,5.5677643628300215
2,5,20,2,1,0.0,25.0,16.0,241920.0,1985408.0,1920.0,9.0,,,,,,,,,,,,,,,3.0,21.0,14.0,171008.0,475904.0,1920.0,7.0,,,,,,,,2.8284271247461903,1.4142135623730951,50142.356067500456,1067380.5146282183,0.0,1.4142135623730951
2,5,20,2,2,0.0,24.0,22.0,262080.0,685760.0,3200.0,2.0,1.0,27.0,20.0,598720.0,3411648.0,3200.0,7.0,2.0,21.0,24.0,349632.0,2039744.0,3200.0,-3.0,,,,,,,,4.0,25.0,23.0,1336768.0,4417408.0,3200.0,2.0,2.5,1.707825127659933,487950.0746483531,1626240.4167387632,0.0,4.08248290463863
2,5,20,2,3,0.0,30.0,38.0,969536.0,18091008.0,4480.0,-8.0,1.0,26.0,40.0,283712.0,530176.0,4480.0,-14.0,,,,,,,,3.0,25.0,45.0,440000.0,966592.0,4480.0,-20.0,,,,,,,,2.6457513110645907,3.605551275463989,359441.4354745429,10015146.05317313,0.0,6.0
2,5,20,3,1,0.0,31.0,21.0,289280.0,1749888.0,2560.0,10.0,1.0,29.0,19.0,206976.0,582656.0,2560.0,10.0,,,,,,,,3.0,28.0,28.0,314240.0,1244800.0,2560.0,0.0,,,,,,,,1.5275252316519465,4.725815626252609,56128.595967949645,585374.396761594,0.0,5.773502691896258
2,5,20,3,2,0.0,33.0,45.0,534464.0,8482752.0,4480.0,-12.0,1.0,34.0,34.0,1073088.0,20343104.0,4480.0,0.0,2.0,37.0,45.0,892288.0,3440512.0,4480.0,-8.0,3.0,31.0,45.0,523136.0,3253344.0,4480.0,-14.0,4.0,29.0,56.0,370432.0,1156736.0,4480.0,-27.0,3.03315017762062,7.7781745930520225,292059.52655717294,7754450.3745777365,0.0,9.859006035092989
2,5,20,3,3,0.0,35.0,124.0,749312.0,55375232.0,6400.0,-89.0,,,,,,,,,,,,,,,3.0,37.0,103.0,2185216.0,576854400.0,6400.0,-66.0,,,,,,,,1.4142135623730951,14.849242404917497,1015337.4555328883,368741455.9403189,0.0,16.263455967290593
2,5,50,0,0,,,,,,,,,,,,,,,2.0,1113.0,1175.0,161553856.0,161553856.0,1600.0,-62.0,3.0,2067.0,2107.0,247039808.0,247039808.0,1600.0,-40.0,,,,,,,,674.5798692519663,659.0235200658623,60447696.3553877,60447696.3553877,0.0,15.556349186104045
3,2,5,0,0,0.0,9.0,2.0,108.0,108.0,90.0,7.0,1.0,9.0,2.0,108.0,108.0,90.0,7.0,2.0,10.0,2.0,90.0,90.0,90.0,8.0,3.0,9.0,2.0,90.0,90.0,90.0,7.0,4.0,6.0,2.0,108.0,108.0,90.0,4.0,1.51657508881031,0.0,9.85900603509299,9.85900603509299,0.0,1.51657508881031
3,2,5,1,1,0.0,15.0,8.0,324.0,378.0,180.0,7.0,1.0,14.0,6.0,486.0,540.0,180.0,8.0,2.0,13.0,9.0,648.0,810.0,180.0,4.0,3.0,14.0,8.0,324.0,918.0,180.0,6.0,4.0,16.0,9.0,360.0,360.0,180.0,7.0,1.1401754250991378,1.224744871391589,139.65958613714992,252.83433311162472,0.0,1.51657508881031
3,2,5,1,2,0.0,14.0,8.0,3888.0,14580.0,270.0,6.0,1.0,13.0,9.0,594.0,702.0,270.0,4.0,2.0,14.0,8.0,3240.0,8100.0,270.0,6.0,3.0,14.0,9.0,2430.0,178848.0,270.0,5.0,4.0,14.0,6.0,702.0,756.0,270.0,8.0,0.4472135954999579,1.224744871391589,1483.4774012434434,77500.31387807406,0.0,1.4832396974191326
3,2,5,1,3,0.0,13.0,6.0,756.0,1998.0,360.0,7.0,1.0,13.0,9.0,1242.0,4158.0,360.0,4.0,2.0,12.0,7.0,810.0,972.0,360.0,5.0,3.0,13.0,8.0,4860.0,4050.0,360.0,5.0,4.0,15.0,9.0,1944.0,29160.0,360.0,6.0,1.0954451150103321,1.3038404810405297,1709.5925830442761,11869.109098832987,0.0,1.1401754250991378
3,2,5,2,1,0.0,17.0,11.0,1188.0,9504.0,270.0,6.0,1.0,17.0,12.0,1296.0,7506.0,270.0,5.0,2.0,21.0,9.0,756.0,1566.0,270.0,12.0,3.0,16.0,9.0,1188.0,3240.0,270.0,7.0,4.0,16.0,12.0,1080.0,2754.0,270.0,4.0,2.073644135332772,1.51657508881031,207.74214786605054,3408.208620375226,0.0,3.1144823004794873
3,2,5,2,2,0.0,18.0,10.0,4266.0,38826.0,450.0,8.0,1.0,18.0,10.0,3402.0,28998.0,450.0,8.0,2.0,17.0,13.0,2592.0,1064988.0,450.0,4.0,3.0,17.0,12.0,2214.0,13230.0,450.0,5.0,4.0,18.0,12.0,3672.0,119826.0,450.0,6.0,0.5477225575051661,1.3416407864998738,827.2757702241738,455685.39775682957,0.0,1.788854381999832
3,2,5,2,3,0.0,18.0,14.0,6318.0,1359504.0,630.0,4.0,1.0,18.0,14.0,9396.0,1282392.0,630.0,4.0,2.0,20.0,18.0,325620.0,-1539971806.0,630.0,2.0,3.0,19.0,14.0,19926.0,10099296.0,630.0,5.0,4.0,19.0,13.0,14256.0,10100214.0,630.0,6.0,0.8366600265340756,1.9493588689617927,140137.80012972944,691264011.7995763,0.0,1.4832396974191326
3,2,5,3,1,0.0,23.0,18.0,6426.0,67878.0,360.0,5.0,1.0,22.0,13.0,1620.0,11880.0,360.0,9.0,2.0,22.0,16.0,1566.0,3942.0,360.0,6.0,3.0,24.0,15.0,1242.0,10044.0,360.0,9.0,4.0,23.0,18.0,1836.0,24030.0,360.0,5.0,0.8366600265340756,2.1213203435596424,2183.831037420249,25827.68121996243,0.0,2.0493901531919194
3,2,5,3,2,0.0,22.0,11.0,6912.0,3196800.0,630.0,11.0,1.0,23.0,17.0,12744.0,324108.0,630.0,6.0,2.0,25.0,18.0,3942.0,14364.0,630.0,7.0,3.0,26.0,16.0,5184.0,421686.0,630.0,10.0,4.0,23.0,14.0,5508.0,913464.0,630.0,9.0,1.6431676725154984,2.7748873851023212,3456.0,1283823.9784366079,0.0,2.073644135332772
3,2,5,3,3,0.0,27.0,34.0,93798.0,709048792.0,900.0,-7.0,1.0,25.0,19.0,173502.0,-1579122994.0,900.0,6.0,2.0,28.0,53.0,611874.0,860956074.0,900.0,-25.0,3.0,22.0,18.0,31104.0,1595872012.0,900.0,4.0,4.0,23.0,20.0,22518.0,38326986.0,900.0,3.0,2.5495097567963922,15.023315213360865,245328.17016233582,1199762877.6873431,0.0,12.87245120402482
3,2,20,0,0,0.0,8.0,6.0,3402.0,3402.0,360.0,2.0,1.0,9.0,5.0,12474.0,12474.0,360.0,4.0,2.0,9.0,5.0,5778.0,5778.0,360.0,4.0,3.0,9.0,5.0,7074.0,7074.0,360.0,4.0,4.0,11.0,5.0,4320.0,4320.0,360.0,6.0,1.0954451150103324,0.44721359549995787,3564.7362875814533,3564.7362875814533,0.0,1.4142135623730951
3,2,20,1,1,0.0,19.0,11.0,1404108.0,6099030.0,720.0,8.0,1.0,13.0,9.0,29484.0,28674.0,720.0,4.0,2.0,13.0,11.0,95472.0,176634.0,720.0,2.0,3.0,15.0,9.0,69498.0,380970.0,720.0,6.0,,,,,,,,2.8284271247461903,1.1547005383792515,670194.832305502,2955333.6577740256,0.0,2.581988897471611
3,2,20,1,2,,,,,,,,,,,,,,,2.0,35.0,15.0,4246614.0,179823024.0,1080.0,20.0,,,,,,,,4.0,22.0,15.0,1298484.0,180300384.0,1080.0,7.0,9.192388155425117,0.0,2084642.7148194963,337544.4930672103,0.0,9.192388155425117
3,2,20,1,3,,,,,,,,1.0,1534.0,19.0,456463188.0,-1448358196.0,1440.0,1515.0,2.0,66.0,24.0,8540586.0,20920464.0,1440.0,42.0,3.0,506.0,21.0,149648634.0,540572324.0,1440.0,485.0,,,,,,,,753.3710904992307,2.5166114784235836,229012848.67121887,1031557273.3914104,0.0,755.7422400086774
3,2,20,2,1,0.0,22.0,20.0,259416.0,3826008.0,1080.0,2.0,,,,,,,,,,,,,,,,,,,,,,,,,,,,,,,,,,
3,2,20,2,2,0.0,1139.0,43.0,275671998.0,941225184.0,1800.0,1096.0,,,,,,,,,,,,,,,3.0,46.0,59.0,5546340.0,533551158.0,1800.0,-13.0,,,,,,,,772.8677118368964,11.313708498984761,191007684.54427817,288269068.2982209,0.0,784.1814203358812
3,2,20,2,3,,,,,,,,,,,,,,,,,,,,,,3.0,344.0,95.0,87450030.0,1432423218.0,2520.0,249.0,,,,,,,,,,,,,
3,2,20,3,1,0.0,146.0,41.0,2987658.0,23569596.0,1440.0,105.0,1.0,43.0,41.0,1873638.0,291134682.0,1440.0,2.0,,,,,,,,,,,,,,,4.0,59.0,37.0,6225444.0,66366324.0,1440.0,22.0,55.428632793289545,2.309401076758503,2260623.594049217,143726273.36463198,0.0,54.616847217685496
3,2,20,3,2,,,,,,,,,,,,,,,,,,,,,,,,,,,,,4.0,10928.0,159.0,2393661024.0,-129648104.0,2520.0,10769.0,,,,,,
3,2,50,0,0,0.0,40.0,40.0,5349672.0,5349672.0,900.0,0.0,1.0,110.0,112.0,24577614.0,24577614.0,900.0,-2.0,2.0,54.0,48.0,6365574.0,6006906.0,900.0,6.0,3.0,22.0,19.0,1806012.0,1806012.0,900.0,3.0,4.0,27.0,41.0,3005802.0,6911298.0,900.0,-14.0,35.45137514963277,35.249113464029136,9321699.320243986,8958758.470781026,0.0,7.6681158050723255
3,3,5,0,0,0.0,6.0,2.0,108.0,108.0,270.0,4.0,1.0,6.0,2.0,90.0,90.0,270.0,4.0,2.0,7.0,2.0,108.0,108.0,270.0,5.0,3.0,9.0,2.0,108.0,108.0,270.0,7.0,4.0,6.0,3.0,108.0,108.0,270.0,3.0,1.3038404810405297,0.4472135954999579,8.049844718999243,8.049844718999243,0.0,1.51657508881031
3,3,5,1,1,0.0,17.0,8.0,648.0,1188.0,540.0,9.0,1.0,13.0,8.0,810.0,810.0,540.0,5.0,2.0,13.0,5.0,594.0,810.0,540.0,8.0,3.0,13.0,7.0,810.0,1458.0,540.0,6.0,4.0,13.0,9.0,324.0,594.0,540.0,4.0,1.7888543819998315,1.51657508881031,199.87295965187488,345.7687088213738,0.0,2.073644135332772
3,3,5,1,2,0.0,14.0,7.0,1296.0,1620.0,810.0,7.0,1.0,13.0,9.0,1296.0,1458.0,810.0,4.0,2.0,13.0,6.0,2106.0,9396.0,810.0,7.0,3.0,13.0,9.0,1080.0,1350.0,810.0,4.0,4.0,13.0,8.0,1242.0,2538.0,810.0,5.0,0.4472135954999579,1.3038404810405297,402.2909394952862,3455.282738069346,0.0,1.51657508881031
3,3,5,1,3,0.0,14.0,8.0,1134.0,4482.0,1080.0,6.0,1.0,14.0,6.0,2430.0,9558.0,1080.0,8.0,2.0,12.0,8.0,1566.0,5454.0,1080.0,4.0,3.0,13.0,6.0,1620.0,2268.0,1080.0,7.0,4.0,14.0,9.0,1242.0,1728.0,1080.0,5.0,0.8944271909999159,1.3416407864998738,508.862260341637,3121.0411724294827,0.0,1.5811388300841898
3,3,5,2,1,0.0,22.0,12.0,1458.0,4698.0,810.0,10.0,1.0,19.0,12.0,540.0,1296.0,810.0,7.0,2.0,18.0,10.0,1404.0,2700.0,810.0,8.0,3.0,19.0,14.0,972.0,28350.0,810.0,5.0,4.0,23.0,14.0,2268.0,3402.0,810.0,9.0,2.16794833886788,1.6733200530681511,643.0309479333013,11392.553936672848,0.0,1.9235384061671346
3,3,5,2,2,0.0,21.0,8.0,3942.0,891324.0,1350.0,13.0,1.0,17.0,12.0,2106.0,9018.0,1350.0,5.0,2.0,20.0,8.0,14148.0,295326.0,1350.0,12.0,3.0,18.0,12.0,2646.0,53514.0,1350.0,6.0,4.0,18.0,11.0,7776.0,257094.0,1350.0,7.0,1.6431676725154982,2.04939015319192,5002.889445110695,352471.5729575933,0.0,3.646916505762094
3,3,5,2,3,0.0,18.0,16.0,5508.0,35964.0,1890.0,2.0,1.0,20.0,13.0,6642.0,123714.0,1890.0,7.0,2.0,20.0,11.0,12150.0,11164716.0,1890.0,9.0,3.0,18.0,14.0,11340.0,12759930.0,1890.0,4.0,4.0,18.0,12.0,5022.0,140886.0,1890.0,6.0,1.0954451150103324,1.9235384061671346,3362.0367041422974,6521713.43445923,0.0,2.701851217221259
3,3,5,3,1,0.0,22.0,11.0,1890.0,9072.0,1080.0,11.0,1.0,24.0,11.0,1674.0,14580.0,1080.0,13.0,2.0,23.0,10.0,2214.0,100116.0,1080.0,13.0,3.0,23.0,17.0,2646.0,80406.0,1080.0,6.0,4.0,24.0,11.0,2754.0,7074.0,1080.0,13.0,0.8366600265340756,2.8284271247461903,467.0297635054965,44463.78821917898,0.0,3.03315017762062
3,3,5,3,2,0.0,25.0,14.0,10584.0,1125900.0,1890.0,11.0,1.0,22.0,10.0,7830.0,100563498.0,1890.0,12.0,2.0,21.0,16.0,12150.0,3898692.0,1890.0,5.0,3.0,26.0,13.0,6264.0,82620.0,1890.0,13.0,4.0,24.0,14.0,4698.0,83538.0,1890.0,10.0,2.0736441353327724,2.1908902300206643,3056.9437678832105,44420451.90779134,0.0,3.1144823004794873
3,3,5,3,3,0.0,25.0,32.0,349758.0,-1262278632.0,2700.0,-7.0,1.0,22.0,16.0,140940.0,317273760.0,2700.0,6.0,2.0,22.0,28.0,84564.0,-420575782.0,2700.0,-6.0,3.0,22.0,19.0,55242.0,455868.0,2700.0,3.0,4.0,22.0,21.0,65286.0,431002242.0,2700.0,1.0,1.341640786499874,6.6105975524153635,122305.97675502207,685955561.056271,0.0,5.683308895353129
3,3,20,0,0,0.0,21.0,5.0,33426.0,33426.0,1080.0,16.0,1.0,10.0,7.0,50544.0,50544.0,1080.0,3.0,2.0,9.0,5.0,40932.0,40932.0,1080.0,4.0,3.0,8.0,5.0,55674.0,55674.0,1080.0,3.0,4.0,11.0,5.0,34272.0,34272.0,1080.0,6.0,5.263078946776307,0.8944271909999157,9869.823645840892,9869.823645840892,0.0,5.504543577809154
3,3,20,1,1,0.0,24.0,13.0,726354.0,2924370.0,2160.0,11.0,1.0,19.0,14.0,727866.0,1213380.0,2160.0,5.0,,,,,,,,3.0,21.0,12.0,1102248.0,16689726.0,2160.0,9.0,,,,,,,,2.5166114784235836,1.0,216587.3446995461,8484591.89844108,0.0,3.055050463303893
3,3,20,1,2,0.0,38.0,16.0,3307230.0,17544600.0,3240.0,22.0,,,,,,,,,,,,,,,3.0,24.0,15.0,1970568.0,75370662.0,3240.0,9.0,4.0,34.0,15.0,3350970.0,64114578.0,3240.0,19.0,7.211102550927978,0.5773502691896257,784653.6572960073,30657559.492897734,0.0,6.8068592855540455
3,3,20,1,3,,,,,,,,,,,,,,,,,,,,,,3.0,23.0,28.0,572670.0,1024812.0,4320.0,-5.0,4.0,26.0,21.0,1188756.0,3452058.0,4320.0,5.0,2.1213203435596424,4.949747468305833,435638.5883940953,1716322.1062079228,0.0,7.0710678118654755
3,3,20,2,1,,,,,,,,1.0,35.0,15.0,2339604.0,8147790.0,3240.0,20.0,2.0,47.0,29.0,4636278.0,9837612.0,3240.0,18.0,3.0,33.0,20.0,2897046.0,17261748.0,3240.0,13.0,,,,,,,,7.571877794400365,7.094598884597588,1197941.358850257,4848324.868170861,0.0,3.605551275463989
3,3,20,2,2,,,,,,,,1.0,163.0,36.0,32804352.0,107622594.0,5400.0,127.0,2.0,62.0,56.0,7156998.0,52665714.0,5400.0,6.0,3.0,332.0,42.0,69077448.0,-874002964.0,5400.0,290.0,,,,,,,,136.41969554772263,10.263202878893768,31111804.803613886,551561999.1690891,0.0,142.51666569212176
3,3,20,2,3,,,,,,,,,,,,,,,2.0,105.0,118.0,21476988.0,83748168.0,7560.0,-13.0,,,,,,,,4.0,317.0,68.0,69672960.0,2266534114.0,7560.0,249.0,149.90663761154806,35.35533905932738,34079698.62707697,1543462744.295293,0.0,185.26197667087544
3,3,20,3,1,,,,,,,,1.0,90.0,28.0,6978312.0,63513234.0,4320.0,62.0,2.0,88.0,37.0,12673098.0,333498708.0,4320.0,51.0,,,,,,,,,,,,,,,1.4142135623730951,6.363961030678928,4026821.798006214,190908559.4872643,0.0,7.7781745930520225
3,3,20,3,2,,,,,,,,1.0,309.0,88.0,71728254.0,591598724.0,7560.0,221.0,,,,,,,,,,,,,,,,,,,,,,,,,,,
3,5,5,0,0,0.0,9.0,2.0,90.0,90.0,2430.0,7.0,1.0,6.0,3.0,108.0,108.0,2430.0,3.0,2.0,6.0,2.0,90.0,90.0,2430.0,4.0,3.0,9.0,2.0,108.0,108.0,2430.0,7.0,4.0,8.0,2.0,54.0,54.0,2430.0,6.0,1.51657508881031,0.44721359549995787,22.045407685048602,22.045407685048602,0.0,1.816590212458495
3,5,5,1,1,0.0,13.0,8.0,972.0,7290.0,4860.0,5.0,1.0,16.0,9.0,360.0,954.0,4860.0,7.0,2.0,13.0,5.0,648.0,972.0,4860.0,8.0,3.0,13.0,6.0,972.0,1242.0,4860.0,7.0,4.0,13.0,6.0,378.0,378.0,4860.0,7.0,1.3416407864998738,1.6431676725154984,301.73498305632376,2881.0010760150717,0.0,1.0954451150103321
3,5,5,1,2,0.0,14.0,6.0,1296.0,2106.0,7290.0,8.0,1.0,12.0,8.0,1782.0,75168.0,7290.0,4.0,2.0,15.0,9.0,5832.0,79218.0,7290.0,6.0,3.0,12.0,5.0,1080.0,2106.0,7290.0,7.0,4.0,12.0,6.0,1944.0,2430.0,7290.0,6.0,1.4142135623730951,1.6431676725154984,1957.602411114167,41092.857539966724,0.0,1.4832396974191329
3,5,5,1,3,0.0,13.0,10.0,2106.0,20412.0,9720.0,3.0,1.0,14.0,8.0,4860.0,5184.0,9720.0,6.0,2.0,14.0,5.0,1458.0,4536.0,9720.0,9.0,3.0,12.0,11.0,4374.0,835434.0,9720.0,1.0,4.0,14.0,7.0,1296.0,1296.0,9720.0,7.0,0.8944271909999159,2.3874672772626644,1678.0885554701815,370177.5930074645,0.0,3.1937438845342627
3,5,5,2,1,0.0,18.0,9.0,972.0,1458.0,7290.0,9.0,1.0,19.0,11.0,1998.0,9018.0,7290.0,8.0,2.0,19.0,13.0,2052.0,8100.0,7290.0,6.0,3.0,18.0,12.0,702.0,7290.0,7290.0,6.0,4.0,18.0,10.0,1350.0,2376.0,7290.0,8.0,0.5477225575051661,1.5811388300841898,603.0134326862047,3475.8974093030997,0.0,1.3416407864998738
3,5,5,2,2,0.0,17.0,10.0,4644.0,33804.0,12150.0,7.0,1.0,16.0,10.0,2376.0,20844.0,12150.0,6.0,2.0,17.0,12.0,4644.0,120690.0,12150.0,5.0,3.0,17.0,7.0,3294.0,6804.0,12150.0,10.0,4.0,19.0,10.0,2646.0,9666.0,12150.0,9.0,1.0954451150103324,1.7888543819998317,1078.243571740634,47235.90544067087,0.0,2.073644135332772
3,5,5,2,3,0.0,18.0,12.0,18630.0,427032.0,17010.0,6.0,,,,,,,,2.0,18.0,9.0,6156.0,160218.0,17010.0,9.0,3.0,18.0,12.0,2754.0,43902.0,17010.0,6.0,4.0,19.0,15.0,37422.0,1424628.0,17010.0,4.0,0.5,2.449489742783178,15683.839612798902,627949.2040061839,0.0,2.0615528128088303
3,5,5,3,1,0.0,23.0,14.0,2160.0,6804.0,9720.0,9.0,1.0,22.0,10.0,1242.0,1998.0,9720.0,12.0,2.0,23.0,13.0,2754.0,11826.0,9720.0,10.0,3.0,24.0,11.0,3186.0,11178.0,9720.0,13.0,4.0,21.0,11.0,1512.0,3672.0,9720.0,10.0,1.1401754250991378,1.6431676725154982,816.6328428369753,4382.75789885775,0.0,1.6431676725154984
3,5,5,3,2,0.0,22.0,13.0,20304.0,2836998.0,17010.0,9.0,1.0,23.0,15.0,33210.0,159354.0,17010.0,8.0,2.0,25.0,14.0,6048.0,3604932.0,17010.0,11.0,3.0,26.0,15.0,7452.0,312660.0,17010.0,11.0,4.0,24.0,12.0,3726.0,143478.0,17010.0,12.0,1.5811388300841898,1.3038404810405297,12453.118886447684,1675290.066586321,0.0,1.6431676725154984
3,5,5,3,3,0.0,27.0,16.0,37908.0,149202.0,24300.0,11.0,1.0,22.0,16.0,23004.0,927180.0,24300.0,6.0,2.0,34.0,18.0,24138.0,1291522536.0,24300.0,16.0,3.0,23.0,22.0,74844.0,157881906.0,24300.0,1.0,4.0,23.0,15.0,74196.0,3922884.0,24300.0,8.0,4.969909455915671,2.7928480087537886,25960.973864629963,563452615.3573388,0.0,5.594640292279746
3,5,20,0,0,0.0,21.0,20.0,1713636.0,1713636.0,9720.0,1.0,1.0,14.0,15.0,992412.0,992412.0,9720.0,-1.0,2.0,23.0,20.0,2178252.0,2178252.0,9720.0,3.0,3.0,44.0,40.0,5929686.0,5929686.0,9720.0,4.0,4.0,28.0,27.0,3013686.0,3013686.0,9720.0,1.0,11.247221879201993,9.710818709048171,1914992.7200265802,1914992.7200265802,0.0,1.9493588689617927
3,5,20,1,1,0.0,60.0,38.0,6343758.0,30230172.0,19440.0,22.0,,,,,,,,2.0,114.0,36.0,15478128.0,17064432.0,19440.0,78.0,3.0,92.0,38.0,13553082.0,58898340.0,19440.0,54.0,,,,,,,,27.15388247255507,1.1547005383792517,4815199.371711622,21390326.570579704,0.0,28.095076674273972
3,5,20,1,2,0.0,92.0,30.0,10056798.0,12348774.0,29160.0,62.0,,,,,,,,,,,,,,,,,,,,,,,,,,,,,,,,,,
4,2,5,0,0,0.0,8.0,1.0,96.0,96.0,240.0,7.0,1.0,8.0,2.0,208.0,208.0,240.0,6.0,2.0,8.0,2.0,112.0,112.0,240.0,6.0,3.0,8.0,2.0,256.0,256.0,240.0,6.0,4.0,9.0,2.0,208.0,208.0,240.0,7.0,0.4472135954999579,0.44721359549995804,68.81860213634101,68.81860213634101,0.0,0.5477225575051661
4,2,5,1,1,0.0,14.0,6.0,2176.0,2432.0,480.0,8.0,1.0,12.0,7.0,2048.0,3328.0,480.0,5.0,2.0,13.0,8.0,896.0,16704.0,480.0,5.0,3.0,15.0,6.0,768.0,1664.0,480.0,9.0,4.0,13.0,7.0,1088.0,6464.0,480.0,6.0,1.1401754250991378,0.8366600265340756,665.7230655460272,6192.574650337289,0.0,1.816590212458495
4,2,5,1,2,0.0,13.0,8.0,10432.0,21056.0,720.0,5.0,1.0,12.0,8.0,1280.0,2432.0,720.0,4.0,2.0,14.0,6.0,3584.0,13568.0,720.0,8.0,3.0,12.0,5.0,2112.0,3776.0,720.0,7.0,4.0,13.0,9.0,1984.0,2688.0,720.0,4.0,0.8366600265340756,1.6431676725154984,3758.222558604001,8307.313404464767,0.0,1.816590212458495
4,2,5,1,3,0.0,12.0,5.0,2048.0,8128.0,960.0,7.0,1.0,13.0,11.0,15040.0,18877120.0,960.0,2.0,2.0,13.0,6.0,9408.0,1314112.0,960.0,7.0,3.0,13.0,9.0,27904.0,102400.0,960.0,4.0,4.0,13.0,6.0,5632.0,33024.0,960.0,7.0,0.4472135954999579,2.5099800796022267,10105.577707385166,8297341.504761823,0.0,2.3021728866442674
4,2,5,2,1,0.0,17.0,9.0,3968.0,17280.0,720.0,8.0,1.0,16.0,11.0,3520.0,6272.0,720.0,5.0,2.0,19.0,10.0,5248.0,16000.0,720.0,9.0,3.0,17.0,12.0,4032.0,24640.0,720.0,5.0,4.0,17.0,10.0,928.0,2144.0,720.0,7.0,1.0954451150103324,1.1401754250991378,1594.1653615607133,9021.775612372545,0.0,1.7888543819998317
4,2,5,2,2,0.0,17.0,9.0,11008.0,343808.0,1200.0,8.0,1.0,17.0,12.0,3392.0,9728.0,1200.0,5.0,2.0,20.0,12.0,16768.0,990848.0,1200.0,8.0,3.0,19.0,13.0,14208.0,5410560.0,1200.0,6.0,4.0,17.0,9.0,3904.0,9344.0,1200.0,8.0,1.4142135623730951,1.8708286933869707,6026.034185100512,2303432.5868418203,0.0,1.4142135623730951
4,2,5,2,3,0.0,18.0,16.0,25152.0,536882176.0,1680.0,2.0,1.0,20.0,15.0,63680.0,117971008.0,1680.0,5.0,2.0,17.0,14.0,30400.0,357952.0,1680.0,3.0,3.0,18.0,12.0,46976.0,10494016.0,1680.0,6.0,4.0,18.0,19.0,74880.0,23865152.0,1680.0,-1.0,1.0954451150103324,2.588435821108957,21219.09359044349,227891414.26605248,0.0,2.7386127875258306
4,2,5,3,1,0.0,22.0,12.0,6784.0,272512.0,960.0,10.0,1.0,23.0,12.0,4352.0,69376.0,960.0,11.0,2.0,24.0,17.0,31680.0,1060672.0,960.0,7.0,3.0,23.0,12.0,13696.0,73280.0,960.0,11.0,4.0,22.0,11.0,7232.0,462976.0,960.0,11.0,0.8366600265340756,2.3874672772626644,11133.369804331482,409882.9557656674,0.0,1.7320508075688772
4,2,5,3,2,0.0,22.0,21.0,241408.0,100930944.0,1680.0,1.0,1.0,21.0,17.0,46720.0,109598848.0,1680.0,4.0,2.0,21.0,19.0,28544.0,537011392.0,1680.0,2.0,3.0,29.0,28.0,460032.0,-1409273472.0,1680.0,1.0,4.0,22.0,12.0,40192.0,469968896.0,1680.0,10.0,3.391164991562634,5.856620185738529,187787.35562119193,792172336.1216233,0.0,3.7815340802378077
4,2,5,3,3,0.0,35.0,37.0,206272.0,-2139086912.0,2400.0,-2.0,,,,,,,,,,,,,,,,,,,,,,,,,,,,,,,,,,
4,2,50,0,0,0.0,151.0,146.0,32332944.0,32332944.0,2400.0,5.0,,,,,,,,2.0,493.0,475.0,127674640.0,127674640.0,2400.0,18.0,3.0,248.0,225.0,44786688.0,44792832.0,2400.0,23.0,4.0,71.0,74.0,13561168.0,14519632.0,2400.0,-3.0,183.07807988214574,174.5871320191344,50385881.36231519,50126937.58566615,0.0,11.89887949906769
