,,,,,Fold = 1,Fold = 1,Fold = 1,Fold = 1,Fold = 1,Fold = 1,Fold = 2,Fold = 2,Fold = 2,Fold = 2,Fold = 2,Fold = 2,Fold = 3,Fold = 3,Fold = 3,Fold = 3,Fold = 3,Fold = 3,Fold = 4,Fold = 4,Fold = 4,Fold = 4,Fold = 4,Fold = 4,Fold = 5,Fold = 5,Fold = 5,Fold = 5,Fold = 5,Fold = 5,Average,Average,Average,Average,Average,Average,STD,STD,STD,STD,STD,STD
,,,,,Hugin,SIIC,HuginCost,SIICCost,complexity,difference,Hugin,SIIC,HuginCost,SIICCost,complexity,difference,Hugin,SIIC,HuginCost,SIICCost,complexity,difference,Hugin,SIIC,HuginCost,SIICCost,complexity,difference,Hugin,SIIC,HuginCost,SIICCost,complexity,difference,Hugin,SIIC,HuginCost,SIICCost,complexity,difference,Hugin,SIIC,HuginCost,SIICCost,complexity,difference
NOS,NOPar,NON,NOC,NOO,,,,,,,,,,,,,,,,,,,,,,,,,,,,,,,,,,,,,,,,,,
2,2,5,0,0,66,4,24,24,20,62,13,4,28,28,20,9,9,3,32,32,20,6,11,2,24,24,20,9,9,2,32,32,20,7,21.6,3,28,28,20,18.6,24.87569095,1,4,4,0,24.29609022
2,2,5,1,1,15,11,160,176,40,4,14,9,104,96,40,5,15,8,104,136,40,7,13,11,96,104,40,2,14,9,112,120,40,5,14.2,9.6,115.2,126.4,40,4.6,0.836660027,1.341640786,25.67489046,31.69858041,0,1.816590212
2,2,5,1,2,14,11,384,1680,60,3,13,12,152,616,60,1,14,10,176,200,60,4,14,10,200,384,60,4,14,11,160,192,60,3,13.8,10.8,214.4,614.4,60,3,0.447213595,0.836660027,96.56500401,620.2296349,0,1.224744871
2,2,5,1,3,21,14,296,432,80,7,20,20,224,1832,80,0,19,11,408,496,80,8,14,15,400,2816,80,-1,19,11,416,2432,80,8,18.6,14.2,348.8,1601.6,80,4.4,2.701851217,3.701351105,85.15397818,1096.326959,0,4.50555213
2,2,5,2,1,23,18,272,1264,60,5,17,14,184,192,60,3,19,12,304,720,60,7,21,10,320,336,60,11,18,12,216,336,60,6,19.6,13.2,259.2,569.6,60,6.4,2.408318916,3.033150178,57.85499114,434.8940101,0,2.966479395
2,2,5,2,2,18,12,360,640,100,6,18,16,368,944,100,2,20,14,560,3456,100,6,18,13,608,1056,100,5,20,13,368,528,100,7,18.8,13.6,452.8,1324.8,100,5.2,1.095445115,1.516575089,121.0090906,1210.693685,0,1.923538406
2,2,5,2,3,18,14,1552,19104,140,4,18,16,1008,12896,140,2,19,15,904,10984,140,4,,,,,,,17,22,744,2232,140,-5,18,16.75,1052,11304,140,1.25,0.816496581,3.593976442,350.5728645,6970.84519,0,4.272001873
2,2,5,3,1,23,13,368,1408,80,10,23,15,392,1256,80,8,22,14,312,512,80,8,22,17,376,8960,80,5,24,17,368,984,80,7,22.8,15.2,363.2,2624,80,7.6,0.836660027,1.788854382,30.25227264,3558.269242,0,1.816590212
2,2,5,3,2,49,24,1856,131584,140,25,47,23,1632,57744,140,24,32,21,688,4488,140,11,27,17,1760,31232,140,10,22,12,1472,238000,140,10,35.4,19.4,1481.6,92609.6,140,16,12.05404496,4.929503018,466.4212688,94081.89053,0,7.778174593
2,2,5,3,3,23,16,3488,235912,200,7,22,18,5480,129528,200,4,22,18,1992,109032,200,4,23,19,2136,590424,200,4,22,20,4736,53704,200,2,22.4,18.2,3566.4,223720,200,4.2,0.547722558,1.483239697,1546.023544,215378.3757,0,1.788854382
2,2,20,0,0,96,10,888,888,80,86,13,8,572,572,80,5,9,7,696,696,80,2,11,6,816,816,80,5,8,4,804,804,80,4,27.4,7,755.2,755.2,80,20.4,38.39661443,2.236067977,123.268812,123.268812,0,36.69196097
2,2,20,1,1,,,,,,,,,,,,,,,,,,,14,17,11584,98392,160,-3,15,21,25648,170960,160,-6,14.5,19,18616,134676,160,-4.5,0.707106781,2.828427125,9944.749771,51313.3249,0,2.121320344
2,2,20,1,2,19,36,53656,102072,240,-17,25,27,17392,39464,240,-2,21,39,16928,163360,240,-18,,,,,,,20,42,31232,108368,240,-22,21.25,36,29802,103316,240,-14.75,2.62995564,6.480740698,17231.81352,50693.29371,0,8.770214745
2,2,20,1,3,,,,,,,23,39,25208,120784,320,-16,,,,,,,,,,,,,17,22,111656,9781304,320,-5,20,30.5,68432,4951044,320,-10.5,4.242640687,12.02081528,61127.96702,6831019.202,0,7.778174593
2,2,20,2,1,23,19,10288,27368,240,4,,,,,,,,,,,,,,,,,,,,,,,,,23,19,10288,27368,240,4,#DIV/0!,#DIV/0!,#DIV/0!,#DIV/0!,#DIV/0!,#DIV/0!
2,2,20,2,2,,,,,,,28,61,277024,15824384,400,-33,,,,,,,24,67,397568,289632,400,-43,,,,,,,26,64,337296,8057008,400,-38,2.828427125,4.242640687,85237.47983,10984728.48,0,7.071067812
2,2,20,2,3,,,,,,,23,113,314376,175452416,560,-90,,,,,,,32,111,974984,1624233928,560,-79,,,,,,,27.5,112,644680,899843172,560,-84.5,6.363961031,1.414213562,467120.3965,1024443232,0,7.778174593
2,2,20,3,1,,,,,,,,,,,,,31,76,28328,115504,320,-45,33,43,185720,17259288,320,-10,26,42,326424,444808,320,-16,30,53.66666667,180157.3333,5939866.667,320,-23.66666667,3.605551275,19.34769581,149125.8319,9804289.101,0,18.71719352
2,2,20,3,2,52,142,4954048,-1844252368,560,-90,,,,,,,,,,,,,41,178,1199952,8573888,560,-137,,,,,,,46.5,160,3077000,-917839240,560,-113.5,7.778174593,25.45584412,2654546.739,1310146010,0,33.23401872
2,2,20,3,3,,,,,,,,,,,,,182,458,41531088,94178360,800,-276,,,,,,,,,,,,,182,458,41531088,94178360,800,-276,#DIV/0!,#DIV/0!,#DIV/0!,#DIV/0!,#DIV/0!,#DIV/0!
2,2,50,0,0,89,32,21296,21296,200,57,14,23,40340,40340,200,-9,20,18,36344,36344,200,2,15,14,156120,108248,200,1,14,17,109100,109100,200,-3,30.4,20.8,72640,63065.6,200,9.6,32.85270156,7.049822693,57652.27218,42236.86642,0,26.84771871
2,2,50,1,1,714,60,160307400,87355896,400,654,43,70,5108816,24585360,400,-27,,,,,,,,,,,,,,,,,,,378.5,65,82708108,55970628,400,313.5,474.4686502,7.071067812,109741971.2,44385471.66,0,481.539718
2,2,50,1,2,109,190,17020784,162366464,600,-81,,,,,,,,,,,,,,,,,,,,,,,,,109,190,17020784,162366464,600,-81,#DIV/0!,#DIV/0!,#DIV/0!,#DIV/0!,#DIV/0!,#DIV/0!
2,2,50,2,1,,,,,,,,,,,,,6067,186,1318162352,949363776,600,5881,,,,,,,,,,,,,6067,186,1318162352,949363776,600,5881,#DIV/0!,#DIV/0!,#DIV/0!,#DIV/0!,#DIV/0!,#DIV/0!
2,3,5,0,0,8,2,32,32,40,6,9,2,32,32,40,7,7,2,20,20,40,5,7,3,32,32,40,4,10,2,24,24,40,8,8.2,2.2,28,28,40,6,1.303840481,0.447213595,5.656854249,5.656854249,0,1.58113883
2,3,5,1,1,14,7,112,288,80,7,14,5,112,104,80,9,13,7,152,200,80,6,15,8,176,272,80,7,13,8,120,144,80,5,13.8,7,134.4,201.6,80,6.8,0.836660027,1.224744871,28.50964749,79.47829892,0,1.483239697
2,3,5,1,2,14,8,140,164,120,6,13,9,208,272,120,4,14,10,400,400,120,4,15,8,144,184,120,7,13,9,232,320,120,4,13.8,8.8,224.8,268,120,5,0.836660027,0.836660027,105.7695608,97.48846086,0,1.414213562
2,3,5,1,3,14,8,528,976,160,6,14,12,552,1440,160,2,18,10,296,552,160,8,14,9,264,360,160,5,13,7,592,2112,160,6,14.6,9.2,446.4,1088,160,5.4,1.949358869,1.923538406,154.0285688,707.5139575,0,2.19089023
2,3,5,2,1,19,13,200,672,120,6,19,13,224,344,120,6,18,10,216,408,120,8,20,11,288,416,120,9,18,12,208,464,120,6,18.8,11.8,227.2,460.8,120,7,0.836660027,1.303840481,35.14541222,125.551583,0,1.414213562
2,3,5,2,2,19,15,656,5584,200,4,18,13,512,1024,200,5,18,12,720,1632,200,6,19,11,384,496,200,8,17,12,320,24832,200,5,18.2,12.6,518.4,6713.6,200,5.6,0.836660027,1.516575089,171.0578849,10324.79021,0,1.516575089
2,3,5,2,3,,,,,,,21,14,1600,6272,280,7,19,11,5168,203280,280,8,18,12,2640,167520,280,6,18,14,1312,8040,280,4,19,12.75,2680,96278,280,6.25,1.414213562,1.5,1754.0019,103942.0916,0,1.707825128
2,3,5,3,1,22,14,312,520,160,8,23,11,424,1168,160,12,24,14,488,1272,160,10,22,14,384,768,160,8,23,17,440,1360,160,6,22.8,14,409.6,1017.6,160,8.8,0.836660027,2.121320344,66.06663303,358.6374214,0,2.28035085
2,3,5,3,2,25,12,2192,110928,280,13,24,15,992,3280,280,9,,,,,,,24,16,1248,14592,280,8,25,17,880,9856,280,8,24.5,15,1328,34664,280,9.5,0.577350269,2.160246899,596.2370893,51053.81213,0,2.380476143
2,3,5,3,3,24,15,2168,305632,400,9,23,16,3888,1278464,400,7,23,18,3208,156032,400,5,23,16,13552,459808,400,7,24,24,2784,28552,400,0,23.4,17.8,5120,445697.6,400,5.6,0.547722558,3.633180425,4755.08654,492756.0157,0,3.435112807
2,3,20,0,0,12,7,4512,4512,160,5,9,3,3712,3712,160,6,11,3,2016,2016,160,8,11,3,4096,4096,160,8,7,6,5168,5168,160,1,10,4.4,3900.8,3900.8,160,5.6,2,1.949358869,1183.805389,1183.805389,0,2.880972058
2,3,20,1,1,15,13,11608,29752,320,2,16,8,18784,37824,320,8,15,12,15424,90528,320,3,17,12,9776,14128,320,5,,,,,,,15.75,11.25,13898,43058,320,4.5,0.957427108,2.217355783,4018.152809,33140.05729,0,2.645751311
2,3,20,1,2,17,20,15328,35696,480,-3,18,14,123488,862976,480,4,18,15,74144,153664,480,3,19,17,40880,143664,480,2,,,,,,,18,16.5,63460,299000,480,1.5,0.816496581,2.645751311,46704.94072,379758.5859,0,3.109126351
2,3,20,1,3,,,,,,,,,,,,,18,17,90912,390224,640,1,,,,,,,,,,,,,18,17,90912,390224,640,1,#DIV/0!,#DIV/0!,#DIV/0!,#DIV/0!,#DIV/0!,#DIV/0!
2,3,20,2,1,22,17,53952,138144,480,5,,,,,,,19,20,50320,342480,480,-1,,,,,,,18,17,74576,222576,480,1,19.66666667,18,59616,234400,480,1.666666667,2.081665999,1.732050808,13082.39489,102679.8688,0,3.055050463
2,3,20,2,2,,,,,,,,,,,,,,,,,,,23,31,496000,17324416,800,-8,,,,,,,23,31,496000,17324416,800,-8,#DIV/0!,#DIV/0!,#DIV/0!,#DIV/0!,#DIV/0!,#DIV/0!
2,3,20,2,3,,,,,,,,,,,,,30,81,749632,47472768,1120,-51,,,,,,,,,,,,,30,81,749632,47472768,1120,-51,#DIV/0!,#DIV/0!,#DIV/0!,#DIV/0!,#DIV/0!,#DIV/0!
2,3,20,3,1,28,28,81704,851312,640,0,,,,,,,,,,,,,,,,,,,,,,,,,28,28,81704,851312,640,0,#DIV/0!,#DIV/0!,#DIV/0!,#DIV/0!,#DIV/0!,#DIV/0!
2,3,20,3,2,29,90,133920,1034752,1120,-61,30,80,553120,40137504,1120,-50,32,71,782240,1125017952,1120,-39,,,,,,,,,,,,,30.33333333,80.33333333,489760,388730069.3,1120,-50,1.527525232,9.504384953,328771.3078,637943681.6,0,11
2,3,20,3,3,30,215,474112,119956192,1600,-185,,,,,,,,,,,,,,,,,,,,,,,,,30,215,474112,119956192,1600,-185,#DIV/0!,#DIV/0!,#DIV/0!,#DIV/0!,#DIV/0!,#DIV/0!
2,3,50,0,0,63,67,11855136,11855136,400,-4,24,22,2032892,2032892,400,2,78,83,12577520,11600624,400,-5,31,30,3868872,3868872,400,1,34,39,3446416,4954128,400,-5,46,48.2,6756167.2,6862330.4,400,-2.2,23.27015256,25.82053446,5037059.818,4563579.704,0,3.420526275
2,3,50,1,1,1084,49,215493888,296937344,800,1035,,,,,,,,,,,,,,,,,,,,,,,,,1084,49,215493888,296937344,800,1035,#DIV/0!,#DIV/0!,#DIV/0!,#DIV/0!,#DIV/0!,#DIV/0!
2,3,50,1,2,453,145,63857776,560028560,1200,308,,,,,,,437,126,81345136,381893616,1200,311,,,,,,,,,,,,,445,135.5,72601456,470961088,1200,309.5,11.3137085,13.43502884,12365430.84,125960426.9,0,2.121320344
2,5,5,0,0,10,2,32,32,160,8,6,2,24,24,160,4,8,2,16,16,160,6,8,2,20,20,160,6,7,2,28,28,160,5,7.8,2,24,24,160,5.8,1.483239697,0,6.32455532,6.32455532,0,1.483239697
2,5,5,1,1,13,8,192,176,320,5,12,9,144,160,320,3,14,8,128,168,320,6,13,9,176,192,320,4,13,5,112,304,320,8,13,7.8,150.4,200,320,5.2,0.707106781,1.643167673,33.17830617,59.3295879,0,1.923538406
2,5,5,1,2,14,9,184,720,480,5,13,8,336,448,480,5,13,8,208,240,480,5,14,5,144,152,480,9,17,7,168,488,480,10,14.2,7.4,208,409.6,480,6.8,1.643167673,1.516575089,75.25955089,223.0981847,0,2.48997992
2,5,5,1,3,14,9,624,4416,640,5,14,9,416,640,640,5,13,6,400,416,640,7,14,10,688,1056,640,4,13,6,528,592,640,7,13.6,8,531.2,1424,640,5.6,0.547722558,1.870828693,126.1871626,1688.966548,0,1.341640786
2,5,5,2,1,17,10,200,216,480,7,19,11,216,440,480,8,17,11,224,280,480,6,18,7,168,168,480,11,18,10,240,352,480,8,17.8,9.8,209.6,291.2,480,8,0.836660027,1.643167673,27.3642102,108.1628402,0,1.870828693
2,5,5,2,2,17,9,704,2112,800,8,17,11,496,2336,800,6,22,12,624,2528,800,10,18,10,640,1728,800,8,19,8,384,432,800,11,18.6,10,569.6,1827.2,800,8.6,2.073644135,1.58113883,128.2996493,834.7953043,0,1.949358869
2,5,5,2,3,19,17,1984,29568,1120,2,18,14,2624,664336,1120,4,18,10,2256,119488,1120,8,17,11,640,7440,1120,6,17,9,2304,27584,1120,8,17.8,12.2,1961.6,169683.2,1120,5.6,0.836660027,3.271085447,772.9507099,279887.5928,0,2.607680962
2,5,5,3,1,22,10,696,2184,640,12,21,15,416,768,640,6,23,13,304,1088,640,10,26,13,280,416,640,13,23,10,320,2296,640,13,23,12.2,403.2,1350.4,640,10.8,1.870828693,2.167948339,171.6368259,847.0825225,0,2.949576241
2,5,5,3,2,22,12,704,1536,1120,10,22,12,896,2400,1120,10,23,13,2784,10336,1120,10,22,15,1088,3488,1120,7,23,11,672,7528,1120,12,22.4,12.6,1228.8,5057.6,1120,9.8,0.547722558,1.516575089,885.2497953,3738.065382,0,1.788854382
2,5,5,3,3,25,19,1816,25552,1600,6,25,15,2008,642488,1600,10,23,19,10136,331216,1600,4,23,18,2184,25464,1600,5,25,17,2464,591264,1600,8,24.2,17.6,3721.6,323196.8,1600,6.6,1.095445115,1.673320053,3593.676224,296272.024,0,2.408318916
2,5,20,0,0,7,4,24464,24464,640,3,14,6,19856,19856,640,8,11,6,22752,22752,640,5,10,4,10496,10496,640,6,9,6,63104,63104,640,3,10.2,5.2,28134.4,28134.4,640,5,2.588435821,1.095445115,20279.05355,20279.05355,0,2.121320344
2,5,20,1,1,11,11,45248,68416,1280,0,,,,,,,20,13,68576,94944,1280,7,,,,,,,19,11,102016,140928,1280,8,16.66666667,11.66666667,71946.66667,101429.3333,1280,5,4.932882862,1.154700538,28533.70816,36688.44774,0,4.358898944
2,5,20,1,2,,,,,,,17,12,109952,403136,1920,5,17,12,194368,481088,1920,5,15,13,62528,134976,1920,2,,,,,,,16.33333333,12.33333333,122282.6667,339733.3333,1920,4,1.154700538,0.577350269,66779.34116,181557.9873,0,1.732050808
2,5,20,1,3,16,15,240384,442688,2560,1,18,14,249024,501184,2560,4,20,13,344128,4056960,2560,7,,,,,,,11,17,208064,458176,2560,-6,16.25,14.75,260400,1364752,2560,1.5,3.862210075,1.707825128,58536.28081,1794975.921,0,5.567764363
2,5,20,2,1,25,16,241920,1985408,1920,9,,,,,,,,,,,,,21,14,171008,475904,1920,7,,,,,,,23,15,206464,1230656,1920,8,2.828427125,1.414213562,50142.35607,1067380.515,0,1.414213562
2,5,20,2,2,24,22,262080,685760,3200,2,27,20,598720,3411648,3200,7,21,24,349632,2039744,3200,-3,,,,,,,25,23,1336768,4417408,3200,2,24.25,22.25,636800,2638640,3200,2,2.5,1.707825128,487950.0746,1626240.417,0,4.082482905
2,5,20,2,3,30,38,969536,18091008,4480,-8,26,40,283712,530176,4480,-14,,,,,,,25,45,440000,966592,4480,-20,,,,,,,27,41,564416,6529258.667,4480,-14,2.645751311,3.605551275,359441.4355,10015146.05,0,6
2,5,20,3,1,31,21,289280,1749888,2560,10,29,19,206976,582656,2560,10,,,,,,,28,28,314240,1244800,2560,0,,,,,,,29.33333333,22.66666667,270165.3333,1192448,2560,6.666666667,1.527525232,4.725815626,56128.59597,585374.3968,0,5.773502692
2,5,20,3,2,33,45,534464,8482752,4480,-12,34,34,1073088,20343104,4480,0,37,45,892288,3440512,4480,-8,31,45,523136,3253344,4480,-14,29,56,370432,1156736,4480,-27,32.8,45,678681.6,7335289.6,4480,-12.2,3.033150178,7.778174593,292059.5266,7754450.375,0,9.859006035
2,5,20,3,3,35,124,749312,55375232,6400,-89,,,,,,,,,,,,,37,103,2185216,576854400,6400,-66,,,,,,,36,113.5,1467264,316114816,6400,-77.5,1.414213562,14.8492424,1015337.456,368741455.9,0,16.26345597
2,5,50,0,0,,,,,,,,,,,,,1113,1175,161553856,161553856,1600,-62,2067,2107,247039808,247039808,1600,-40,,,,,,,1590,1641,204296832,204296832,1600,-51,674.5798693,659.0235201,60447696.36,60447696.36,0,15.55634919
3,2,5,0,0,9,2,108,108,90,7,9,2,108,108,90,7,10,2,90,90,90,8,9,2,90,90,90,7,6,2,108,108,90,4,8.6,2,100.8,100.8,90,6.6,1.516575089,0,9.859006035,9.859006035,0,1.516575089
3,2,5,1,1,15,8,324,378,180,7,14,6,486,540,180,8,13,9,648,810,180,4,14,8,324,918,180,6,16,9,360,360,180,7,14.4,8,428.4,601.2,180,6.4,1.140175425,1.224744871,139.6595861,252.8343331,0,1.516575089
3,2,5,1,2,14,8,3888,14580,270,6,13,9,594,702,270,4,14,8,3240,8100,270,6,14,9,2430,178848,270,5,14,6,702,756,270,8,13.8,8,2170.8,40597.2,270,5.8,0.447213595,1.224744871,1483.477401,77500.31388,0,1.483239697
3,2,5,1,3,13,6,756,1998,360,7,13,9,1242,4158,360,4,12,7,810,972,360,5,13,8,4860,4050,360,5,15,9,1944,29160,360,6,13.2,7.8,1922.4,8067.6,360,5.4,1.095445115,1.303840481,1709.592583,11869.1091,0,1.140175425
3,2,5,2,1,17,11,1188,9504,270,6,17,12,1296,7506,270,5,21,9,756,1566,270,12,16,9,1188,3240,270,7,16,12,1080,2754,270,4,17.4,10.6,1101.6,4914,270,6.8,2.073644135,1.516575089,207.7421479,3408.20862,0,3.1144823
3,2,5,2,2,18,10,4266,38826,450,8,18,10,3402,28998,450,8,17,13,2592,1064988,450,4,17,12,2214,13230,450,5,18,12,3672,119826,450,6,17.6,11.4,3229.2,253173.6,450,6.2,0.547722558,1.341640786,827.2757702,455685.3978,0,1.788854382
3,2,5,2,3,18,14,6318,1359504,630,4,18,14,9396,1282392,630,4,20,18,325620,-1539971806,630,2,19,14,19926,10099296,630,5,19,13,14256,10100214,630,6,18.8,14.6,75103.2,-303426080,630,4.2,0.836660027,1.949358869,140137.8001,691264011.8,0,1.483239697
3,2,5,3,1,23,18,6426,67878,360,5,22,13,1620,11880,360,9,22,16,1566,3942,360,6,24,15,1242,10044,360,9,23,18,1836,24030,360,5,22.8,16,2538,23554.8,360,6.8,0.836660027,2.121320344,2183.831037,25827.68122,0,2.049390153
3,2,5,3,2,22,11,6912,3196800,630,11,23,17,12744,324108,630,6,25,18,3942,14364,630,7,26,16,5184,421686,630,10,23,14,5508,913464,630,9,23.8,15.2,6858,974084.4,630,8.6,1.643167673,2.774887385,3456,1283823.978,0,2.073644135
3,2,5,3,3,27,34,93798,709048792,900,-7,25,19,173502,-1579122994,900,6,28,53,611874,860956074,900,-25,22,18,31104,1595872012,900,4,23,20,22518,38326986,900,3,25,28.8,186559.2,325016174,900,-3.8,2.549509757,15.02331521,245328.1702,1199762878,0,12.8724512
3,2,20,0,0,8,6,3402,3402,360,2,9,5,12474,12474,360,4,9,5,5778,5778,360,4,9,5,7074,7074,360,4,11,5,4320,4320,360,6,9.2,5.2,6609.6,6609.6,360,4,1.095445115,0.447213595,3564.736288,3564.736288,0,1.414213562
3,2,20,1,1,19,11,1404108,6099030,720,8,13,9,29484,28674,720,4,13,11,95472,176634,720,2,15,9,69498,380970,720,6,,,,,,,15,10,399640.5,1671327,720,5,2.828427125,1.154700538,670194.8323,2955333.658,0,2.581988897
3,2,20,1,2,,,,,,,,,,,,,35,15,4246614,179823024,1080,20,,,,,,,22,15,1298484,180300384,1080,7,28.5,15,2772549,180061704,1080,13.5,9.192388155,0,2084642.715,337544.4931,0,9.192388155
3,2,20,1,3,,,,,,,1534,19,456463188,-1448358196,1440,1515,66,24,8540586,20920464,1440,42,506,21,149648634,540572324,1440,485,,,,,,,702,21.33333333,204884136,-295621802.7,1440,680.6666667,753.3710905,2.516611478,229012848.7,1031557273,0,755.74224
3,2,20,2,1,22,20,259416,3826008,1080,2,,,,,,,,,,,,,,,,,,,,,,,,,22,20,259416,3826008,1080,2,#DIV/0!,#DIV/0!,#DIV/0!,#DIV/0!,#DIV/0!,#DIV/0!
3,2,20,2,2,1139,43,275671998,941225184,1800,1096,,,,,,,,,,,,,46,59,5546340,533551158,1800,-13,,,,,,,592.5,51,140609169,737388171,1800,541.5,772.8677118,11.3137085,191007684.5,288269068.3,0,784.1814203
3,2,20,2,3,,,,,,,,,,,,,,,,,,,344,95,87450030,1432423218,2520,249,,,,,,,344,95,87450030,1432423218,2520,249,#DIV/0!,#DIV/0!,#DIV/0!,#DIV/0!,#DIV/0!,#DIV/0!
3,2,20,3,1,146,41,2987658,23569596,1440,105,43,41,1873638,291134682,1440,2,,,,,,,,,,,,,59,37,6225444,66366324,1440,22,82.66666667,39.66666667,3695580,127023534,1440,43,55.42863279,2.309401077,2260623.594,143726273.4,0,54.61684722
3,2,20,3,2,,,,,,,,,,,,,,,,,,,,,,,,,10928,159,2393661024,-129648104,2520,10769,10928,159,2393661024,-129648104,2520,10769,#DIV/0!,#DIV/0!,#DIV/0!,#DIV/0!,#DIV/0!,#DIV/0!
3,2,50,0,0,40,40,5349672,5349672,900,0,110,112,24577614,24577614,900,-2,54,48,6365574,6006906,900,6,22,19,1806012,1806012,900,3,27,41,3005802,6911298,900,-14,50.6,52,8220934.8,8930300.4,900,-1.4,35.45137515,35.24911346,9321699.32,8958758.471,0,7.668115805
3,3,5,0,0,6,2,108,108,270,4,6,2,90,90,270,4,7,2,108,108,270,5,9,2,108,108,270,7,6,3,108,108,270,3,6.8,2.2,104.4,104.4,270,4.6,1.303840481,0.447213595,8.049844719,8.049844719,0,1.516575089
3,3,5,1,1,17,8,648,1188,540,9,13,8,810,810,540,5,13,5,594,810,540,8,13,7,810,1458,540,6,13,9,324,594,540,4,13.8,7.4,637.2,972,540,6.4,1.788854382,1.516575089,199.8729597,345.7687088,0,2.073644135
3,3,5,1,2,14,7,1296,1620,810,7,13,9,1296,1458,810,4,13,6,2106,9396,810,7,13,9,1080,1350,810,4,13,8,1242,2538,810,5,13.2,7.8,1404,3272.4,810,5.4,0.447213595,1.303840481,402.2909395,3455.282738,0,1.516575089
3,3,5,1,3,14,8,1134,4482,1080,6,14,6,2430,9558,1080,8,12,8,1566,5454,1080,4,13,6,1620,2268,1080,7,14,9,1242,1728,1080,5,13.4,7.4,1598.4,4698,1080,6,0.894427191,1.341640786,508.8622603,3121.041172,0,1.58113883
3,3,5,2,1,22,12,1458,4698,810,10,19,12,540,1296,810,7,18,10,1404,2700,810,8,19,14,972,28350,810,5,23,14,2268,3402,810,9,20.2,12.4,1328.4,8089.2,810,7.8,2.167948339,1.673320053,643.0309479,11392.55394,0,1.923538406
3,3,5,2,2,21,8,3942,891324,1350,13,17,12,2106,9018,1350,5,20,8,14148,295326,1350,12,18,12,2646,53514,1350,6,18,11,7776,257094,1350,7,18.8,10.2,6123.6,301255.2,1350,8.6,1.643167673,2.049390153,5002.889445,352471.573,0,3.646916506
3,3,5,2,3,18,16,5508,35964,1890,2,20,13,6642,123714,1890,7,20,11,12150,11164716,1890,9,18,14,11340,12759930,1890,4,18,12,5022,140886,1890,6,18.8,13.2,8132.4,4845042,1890,5.6,1.095445115,1.923538406,3362.036704,6521713.434,0,2.701851217
3,3,5,3,1,22,11,1890,9072,1080,11,24,11,1674,14580,1080,13,23,10,2214,100116,1080,13,23,17,2646,80406,1080,6,24,11,2754,7074,1080,13,23.2,12,2235.6,42249.6,1080,11.2,0.836660027,2.828427125,467.0297635,44463.78822,0,3.033150178
3,3,5,3,2,25,14,10584,1125900,1890,11,22,10,7830,100563498,1890,12,21,16,12150,3898692,1890,5,26,13,6264,82620,1890,13,24,14,4698,83538,1890,10,23.6,13.4,8305.2,21150849.6,1890,10.2,2.073644135,2.19089023,3056.943768,44420451.91,0,3.1144823
3,3,5,3,3,25,32,349758,-1262278632,2700,-7,22,16,140940,317273760,2700,6,22,28,84564,-420575782,2700,-6,22,19,55242,455868,2700,3,22,21,65286,431002242,2700,1,22.6,23.2,139158,-186824508.8,2700,-0.6,1.341640786,6.610597552,122305.9768,685955561.1,0,5.683308895
3,3,20,0,0,21,5,33426,33426,1080,16,10,7,50544,50544,1080,3,9,5,40932,40932,1080,4,8,5,55674,55674,1080,3,11,5,34272,34272,1080,6,11.8,5.4,42969.6,42969.6,1080,6.4,5.263078947,0.894427191,9869.823646,9869.823646,0,5.504543578
3,3,20,1,1,24,13,726354,2924370,2160,11,19,14,727866,1213380,2160,5,,,,,,,21,12,1102248,16689726,2160,9,,,,,,,21.33333333,13,852156,6942492,2160,8.333333333,2.516611478,1,216587.3447,8484591.898,0,3.055050463
3,3,20,1,2,38,16,3307230,17544600,3240,22,,,,,,,,,,,,,24,15,1970568,75370662,3240,9,34,15,3350970,64114578,3240,19,32,15.33333333,2876256,52343280,3240,16.66666667,7.211102551,0.577350269,784653.6573,30657559.49,0,6.806859286
3,3,20,1,3,,,,,,,,,,,,,,,,,,,23,28,572670,1024812,4320,-5,26,21,1188756,3452058,4320,5,24.5,24.5,880713,2238435,4320,0,2.121320344,4.949747468,435638.5884,1716322.106,0,7.071067812
3,3,20,2,1,,,,,,,35,15,2339604,8147790,3240,20,47,29,4636278,9837612,3240,18,33,20,2897046,17261748,3240,13,,,,,,,38.33333333,21.33333333,3290976,11749050,3240,17,7.571877794,7.094598885,1197941.359,4848324.868,0,3.605551275
3,3,20,2,2,,,,,,,163,36,32804352,107622594,5400,127,62,56,7156998,52665714,5400,6,332,42,69077448,-874002964,5400,290,,,,,,,185.6666667,44.66666667,36346266,-237904885.3,5400,141,136.4196955,10.26320288,31111804.8,551561999.2,0,142.5166657
3,3,20,2,3,,,,,,,,,,,,,105,118,21476988,83748168,7560,-13,,,,,,,317,68,69672960,2266534114,7560,249,211,93,45574974,1175141141,7560,118,149.9066376,35.35533906,34079698.63,1543462744,0,185.2619767
3,3,20,3,1,,,,,,,90,28,6978312,63513234,4320,62,88,37,12673098,333498708,4320,51,,,,,,,,,,,,,89,32.5,9825705,198505971,4320,56.5,1.414213562,6.363961031,4026821.798,190908559.5,0,7.778174593
3,3,20,3,2,,,,,,,309,88,71728254,591598724,7560,221,,,,,,,,,,,,,,,,,,,309,88,71728254,591598724,7560,221,#DIV/0!,#DIV/0!,#DIV/0!,#DIV/0!,#DIV/0!,#DIV/0!
3,5,5,0,0,9,2,90,90,2430,7,6,3,108,108,2430,3,6,2,90,90,2430,4,9,2,108,108,2430,7,8,2,54,54,2430,6,7.6,2.2,90,90,2430,5.4,1.516575089,0.447213595,22.04540769,22.04540769,0,1.816590212
3,5,5,1,1,13,8,972,7290,4860,5,16,9,360,954,4860,7,13,5,648,972,4860,8,13,6,972,1242,4860,7,13,6,378,378,4860,7,13.6,6.8,666,2167.2,4860,6.8,1.341640786,1.643167673,301.7349831,2881.001076,0,1.095445115
3,5,5,1,2,14,6,1296,2106,7290,8,12,8,1782,75168,7290,4,15,9,5832,79218,7290,6,12,5,1080,2106,7290,7,12,6,1944,2430,7290,6,13,6.8,2386.8,32205.6,7290,6.2,1.414213562,1.643167673,1957.602411,41092.85754,0,1.483239697
3,5,5,1,3,13,10,2106,20412,9720,3,14,8,4860,5184,9720,6,14,5,1458,4536,9720,9,12,11,4374,835434,9720,1,14,7,1296,1296,9720,7,13.4,8.2,2818.8,173372.4,9720,5.2,0.894427191,2.387467277,1678.088555,370177.593,0,3.193743885
3,5,5,2,1,18,9,972,1458,7290,9,19,11,1998,9018,7290,8,19,13,2052,8100,7290,6,18,12,702,7290,7290,6,18,10,1350,2376,7290,8,18.4,11,1414.8,5648.4,7290,7.4,0.547722558,1.58113883,603.0134327,3475.897409,0,1.341640786
3,5,5,2,2,17,10,4644,33804,12150,7,16,10,2376,20844,12150,6,17,12,4644,120690,12150,5,17,7,3294,6804,12150,10,19,10,2646,9666,12150,9,17.2,9.8,3520.8,38361.6,12150,7.4,1.095445115,1.788854382,1078.243572,47235.90544,0,2.073644135
3,5,5,2,3,18,12,18630,427032,17010,6,,,,,,,18,9,6156,160218,17010,9,18,12,2754,43902,17010,6,19,15,37422,1424628,17010,4,18.25,12,16240.5,513945,17010,6.25,0.5,2.449489743,15683.83961,627949.204,0,2.061552813
3,5,5,3,1,23,14,2160,6804,9720,9,22,10,1242,1998,9720,12,23,13,2754,11826,9720,10,24,11,3186,11178,9720,13,21,11,1512,3672,9720,10,22.6,11.8,2170.8,7095.6,9720,10.8,1.140175425,1.643167673,816.6328428,4382.757899,0,1.643167673
3,5,5,3,2,22,13,20304,2836998,17010,9,23,15,33210,159354,17010,8,25,14,6048,3604932,17010,11,26,15,7452,312660,17010,11,24,12,3726,143478,17010,12,24,13.8,14148,1411484.4,17010,10.2,1.58113883,1.303840481,12453.11889,1675290.067,0,1.643167673
3,5,5,3,3,27,16,37908,149202,24300,11,22,16,23004,927180,24300,6,34,18,24138,1291522536,24300,16,23,22,74844,157881906,24300,1,23,15,74196,3922884,24300,8,25.8,17.4,46818,290880741.6,24300,8.4,4.969909456,2.792848009,25960.97386,563452615.4,0,5.594640292
3,5,20,0,0,21,20,1713636,1713636,9720,1,14,15,992412,992412,9720,-1,23,20,2178252,2178252,9720,3,44,40,5929686,5929686,9720,4,28,27,3013686,3013686,9720,1,26,24.4,2765534.4,2765534.4,9720,1.6,11.24722188,9.710818709,1914992.72,1914992.72,0,1.949358869
3,5,20,1,1,60,38,6343758,30230172,19440,22,,,,,,,114,36,15478128,17064432,19440,78,92,38,13553082,58898340,19440,54,,,,,,,88.66666667,37.33333333,11791656,35397648,19440,51.33333333,27.15388247,1.154700538,4815199.372,21390326.57,0,28.09507667
3,5,20,1,2,92,30,10056798,12348774,29160,62,,,,,,,,,,,,,,,,,,,,,,,,,92,30,10056798,12348774,29160,62,#DIV/0!,#DIV/0!,#DIV/0!,#DIV/0!,#DIV/0!,#DIV/0!
4,2,5,0,0,8,1,96,96,240,7,8,2,208,208,240,6,8,2,112,112,240,6,8,2,256,256,240,6,9,2,208,208,240,7,8.2,1.8,176,176,240,6.4,0.447213595,0.447213595,68.81860214,68.81860214,0,0.547722558
4,2,5,1,1,14,6,2176,2432,480,8,12,7,2048,3328,480,5,13,8,896,16704,480,5,15,6,768,1664,480,9,13,7,1088,6464,480,6,13.4,6.8,1395.2,6118.4,480,6.6,1.140175425,0.836660027,665.7230655,6192.57465,0,1.816590212
4,2,5,1,2,13,8,10432,21056,720,5,12,8,1280,2432,720,4,14,6,3584,13568,720,8,12,5,2112,3776,720,7,13,9,1984,2688,720,4,12.8,7.2,3878.4,8704,720,5.6,0.836660027,1.643167673,3758.222559,8307.313404,0,1.816590212
4,2,5,1,3,12,5,2048,8128,960,7,13,11,15040,18877120,960,2,13,6,9408,1314112,960,7,13,9,27904,102400,960,4,13,6,5632,33024,960,7,12.8,7.4,12006.4,4066956.8,960,5.4,0.447213595,2.50998008,10105.57771,8297341.505,0,2.302172887
4,2,5,2,1,17,9,3968,17280,720,8,16,11,3520,6272,720,5,19,10,5248,16000,720,9,17,12,4032,24640,720,5,17,10,928,2144,720,7,17.2,10.4,3539.2,13267.2,720,6.8,1.095445115,1.140175425,1594.165362,9021.775612,0,1.788854382
4,2,5,2,2,17,9,11008,343808,1200,8,17,12,3392,9728,1200,5,20,12,16768,990848,1200,8,19,13,14208,5410560,1200,6,17,9,3904,9344,1200,8,18,11,9856,1352857.6,1200,7,1.414213562,1.870828693,6026.034185,2303432.587,0,1.414213562
4,2,5,2,3,18,16,25152,536882176,1680,2,20,15,63680,117971008,1680,5,17,14,30400,357952,1680,3,18,12,46976,10494016,1680,6,18,19,74880,23865152,1680,-1,18.2,15.2,48217.6,137914060.8,1680,3,1.095445115,2.588435821,21219.09359,227891414.3,0,2.738612788
4,2,5,3,1,22,12,6784,272512,960,10,23,12,4352,69376,960,11,24,17,31680,1060672,960,7,23,12,13696,73280,960,11,22,11,7232,462976,960,11,22.8,12.8,12748.8,387763.2,960,10,0.836660027,2.387467277,11133.3698,409882.9558,0,1.732050808
4,2,5,3,2,22,21,241408,100930944,1680,1,21,17,46720,109598848,1680,4,21,19,28544,537011392,1680,2,29,28,460032,-1409273472,1680,1,22,12,40192,469968896,1680,10,23,19.4,163379.2,-38352678.4,1680,3.6,3.391164992,5.856620186,187787.3556,792172336.1,0,3.78153408
4,2,5,3,3,35,37,206272,-2139086912,2400,-2,,,,,,,,,,,,,,,,,,,,,,,,,35,37,206272,-2139086912,2400,-2,#DIV/0!,#DIV/0!,#DIV/0!,#DIV/0!,#DIV/0!,#DIV/0!
4,2,50,0,0,151,146,32332944,32332944,2400,5,,,,,,,493,475,127674640,127674640,2400,18,248,225,44786688,44792832,2400,23,71,74,13561168,14519632,2400,-3,240.75,230,54588860,54830012,2400,10.75,183.0780799,174.587132,50385881.36,50126937.59,0,11.8988795
