,fold,NON,Hugin,SIIC,NOPar,NOO,RComplexity,NOS,NOC,HuginCost,SIICCost,complexity,difference
0,0,5,46,16,2,0,24,2,0,24,19,20,30
1,1,5,63,16,2,0,28,2,0,28,23,20,47
2,2,5,47,0,2,0,32,2,0,32,23,20,47
3,3,5,47,0,2,0,24,2,0,24,23,20,47
4,4,5,47,0,2,0,32,2,0,32,23,20,47
5,0,20,62,0,2,0,888,2,0,888,111,80,62
6,1,20,63,16,2,0,572,2,0,572,109,80,47
7,2,20,62,0,2,0,696,2,0,696,110,80,62
8,3,20,63,16,2,0,816,2,0,816,109,80,47
9,4,20,63,0,2,0,804,2,0,804,106,80,63
10,0,50,85,31,2,0,21296,2,0,21296,289,200,54
11,1,50,100,47,2,0,40340,2,0,40340,286,200,53
12,2,50,97,32,2,0,36344,2,0,36344,291,200,65
13,3,50,109,47,2,0,156120,2,0,108248,285,200,62
14,4,50,110,31,2,0,109100,2,0,109100,291,200,79
15,0,5,47,0,3,0,32,2,0,32,27,40,47
16,1,5,46,16,3,0,32,2,0,32,23,40,30
17,2,5,47,0,3,0,20,2,0,20,21,40,47
18,3,5,47,0,3,0,32,2,0,32,23,40,47
19,4,5,47,0,3,0,24,2,0,24,25,40,47
20,0,20,62,15,3,0,4512,2,0,4512,171,160,47
21,1,20,62,0,3,0,3712,2,0,3712,167,160,62
22,2,20,63,16,3,0,2016,2,0,2016,148,160,47
23,3,20,63,16,3,0,4096,2,0,4096,165,160,47
24,4,20,63,16,3,0,5168,2,0,5168,166,160,47
25,0,50,144,79,3,0,11855136,2,0,11855136,469,400,65
26,1,50,125,47,3,0,2032892,2,0,2032892,433,400,78
27,2,50,140,109,3,0,12577520,2,0,11600624,454,400,31
28,3,50,125,63,3,0,3868872,2,0,3868872,450,400,62
29,4,50,109,47,3,0,3446416,2,0,4954128,456,400,62
30,0,5,47,0,5,0,32,2,0,32,27,160,47
31,1,5,46,0,5,0,24,2,0,24,27,160,46
32,2,5,63,16,5,0,16,2,0,16,22,160,47
33,3,5,63,15,5,0,20,2,0,20,27,160,48
34,4,5,47,0,5,0,28,2,0,28,22,160,47
35,0,20,63,0,5,0,24464,2,0,24464,377,640,63
36,1,20,63,16,5,0,19856,2,0,19856,323,640,47
37,2,20,62,16,5,0,22752,2,0,22752,382,640,46
38,3,20,63,0,5,0,10496,2,0,10496,351,640,63
39,4,20,62,16,5,0,63104,2,0,63104,399,640,46
40,0,50,15737,18152,5,0,1893935776,2,0,1893935776,1369,1600,-2415
41,2,50,1094,1250,5,0,161553856,2,0,161553856,1299,1600,-156
42,3,50,1937,2234,5,0,247039808,2,0,247039808,1377,1600,-297
43,0,5,62,15,2,0,108,3,0,108,46,90,47
44,1,5,47,0,2,0,108,3,0,108,40,90,47
45,2,5,47,0,2,0,90,3,0,90,34,90,47
46,3,5,47,0,2,0,90,3,0,90,34,90,47
47,4,5,47,0,2,0,108,3,0,108,40,90,47
48,0,20,63,0,2,0,3402,3,0,3402,194,360,63
49,1,20,62,16,2,0,12474,3,0,12474,212,360,46
50,2,20,62,0,2,0,5778,3,0,5778,208,360,62
51,3,20,63,16,2,0,7074,3,0,7074,214,360,47
52,4,20,63,16,2,0,4320,3,0,4320,202,360,47
53,0,50,156,63,2,0,5349672,3,0,5349672,568,900,93
54,1,50,203,125,2,0,24577614,3,0,24577614,562,900,78
55,2,50,140,78,2,0,6365574,3,0,6006906,568,900,62
56,3,50,141,47,2,0,1806012,3,0,1806012,560,900,94
57,4,50,110,62,2,0,3005802,3,0,6911298,562,900,48
58,0,5,47,0,3,0,108,3,0,108,50,270,47
59,1,5,47,0,3,0,90,3,0,90,52,270,47
60,2,5,47,0,3,0,108,3,0,108,56,270,47
61,3,5,47,0,3,0,108,3,0,108,46,270,47
62,4,5,47,0,3,0,108,3,0,108,40,270,47
63,0,20,62,0,3,0,33426,3,0,33426,410,1080,62
64,1,20,63,15,3,0,50544,3,0,50544,424,1080,48
65,2,20,62,15,3,0,40932,3,0,40932,418,1080,47
66,3,20,62,15,3,0,55674,3,0,55674,408,1080,47
67,4,20,47,0,3,0,34272,3,0,34272,404,1080,47
68,0,5,47,15,5,0,90,3,0,90,34,2430,32
69,1,5,47,0,5,0,108,3,0,108,40,2430,47
70,2,5,47,16,5,0,90,3,0,90,58,2430,31
71,3,5,47,0,5,0,108,3,0,108,58,2430,47
72,4,5,63,15,5,0,54,3,0,54,40,2430,48
73,0,20,63,15,5,0,1713636,3,0,1713636,2126,9720,48
74,1,20,63,16,5,0,992412,3,0,992412,1892,9720,47
75,2,20,62,15,5,0,2178252,3,0,2178252,2056,9720,47
76,3,20,78,47,5,0,5929686,3,0,5929686,2558,9720,31
77,4,20,78,32,5,0,3013686,3,0,3013686,2252,9720,46
78,0,5,47,0,2,0,96,4,0,96,37,240,47
79,1,5,47,0,2,0,208,4,0,208,58,240,47
80,2,5,47,0,2,0,112,4,0,112,49,240,47
81,3,5,47,0,2,0,256,4,0,256,49,240,47
82,4,5,63,0,2,0,208,4,0,208,49,240,63
83,0,20,62,15,2,0,22816,4,0,22816,325,960,47
84,1,20,62,16,2,0,44608,4,0,47680,349,960,46
85,2,20,63,16,2,0,11136,4,0,10368,322,960,47
86,3,20,63,16,2,0,24208,4,0,24208,325,960,47
87,4,20,63,16,2,0,51088,4,0,51088,325,960,47
88,0,50,219,156,2,0,32332944,4,0,32332944,913,2400,63
89,1,50,5796,6389,2,0,1229919232,4,0,1292830720,922,2400,-593
90,2,50,500,531,2,0,127674640,4,0,127674640,919,2400,-31
91,3,50,281,250,2,0,44786688,4,0,44792832,937,2400,31
92,4,50,141,93,2,0,13561168,4,0,14519632,913,2400,48
93,0,5,62,0,3,0,256,4,0,256,73,960,62
94,1,5,47,0,3,0,272,4,0,272,97,960,47
95,2,5,47,0,3,0,128,4,0,128,58,960,47
96,3,5,47,0,3,0,512,4,0,512,151,960,47
97,4,5,47,0,3,0,320,4,0,320,106,960,47
98,0,20,63,16,3,0,1417024,4,0,1417024,1033,3840,47
99,1,20,62,15,3,0,1261312,4,0,1261312,889,3840,47
100,2,20,62,16,3,0,676416,4,0,676416,907,3840,46
101,3,20,62,0,3,0,527104,4,0,527104,985,3840,62
102,4,20,62,16,3,0,654336,4,0,654336,937,3840,46
103,0,5,46,16,5,0,320,4,0,320,118,15360,30
104,1,5,47,15,5,0,320,4,0,320,121,15360,32
105,2,5,47,16,5,0,512,4,0,512,157,15360,31
106,3,5,47,0,5,0,0,4,0,0,346,15360,47
107,4,5,47,0,5,0,208,4,0,208,49,15360,47
108,0,20,1047,1156,5,0,225185792,4,0,225185792,8935,61440,-109
109,1,20,125,109,5,0,12065792,4,0,12065792,6253,61440,16
110,2,20,171,172,5,0,20606976,4,0,20606976,8365,61440,-1
111,3,20,79,47,5,0,5402624,4,0,5402624,6697,61440,32
112,4,20,2968,3312,5,0,346165248,4,0,346165248,7213,61440,-344
113,0,5,47,0,2,1,160,2,1,176,52,40,47
114,1,5,62,0,2,1,104,2,1,96,45,40,62
115,2,5,63,15,2,1,104,2,1,136,45,40,48
116,3,5,63,0,2,1,96,2,1,104,43,40,63
117,4,5,47,16,2,1,112,2,1,120,47,40,31
118,3,20,78,31,2,1,11584,2,1,98392,221,160,47
119,4,20,78,31,2,1,25648,2,1,170960,244,160,47
120,0,50,750,78,2,1,160307400,2,1,87355896,618,400,672
121,1,50,188,109,2,1,5108816,2,1,24585360,614,400,79
122,0,5,62,16,3,1,112,2,1,288,49,80,46
123,1,5,62,0,3,1,112,2,1,104,55,80,62
124,2,5,47,15,3,1,152,2,1,200,57,80,32
125,3,5,46,16,3,1,176,2,1,272,47,80,30
126,4,5,62,0,3,1,120,2,1,144,42,80,62
127,0,20,63,31,3,1,11608,2,1,29752,316,320,32
128,1,20,78,31,3,1,18784,2,1,37824,327,320,47
129,2,20,78,31,3,1,15424,2,1,90528,343,320,47
130,3,20,78,31,3,1,9776,2,1,14128,313,320,47
131,0,50,1047,93,3,1,215493888,2,1,296937344,979,800,954
132,0,5,62,0,5,1,192,2,1,176,70,320,62
133,1,5,62,0,5,1,144,2,1,160,56,320,62
134,2,5,62,16,5,1,128,2,1,168,57,320,46
135,3,5,47,0,5,1,176,2,1,192,64,320,47
136,4,5,63,16,5,1,112,2,1,304,41,320,47
137,0,20,78,16,5,1,45248,2,1,68416,721,1280,62
138,2,20,78,15,5,1,68576,2,1,94944,843,1280,63
139,4,20,78,31,5,1,102016,2,1,140928,861,1280,47
140,0,5,62,16,2,1,324,3,1,378,82,180,46
141,1,5,47,15,2,1,486,3,1,540,94,180,32
142,2,5,47,0,2,1,648,3,1,810,108,180,47
143,3,5,63,15,2,1,324,3,1,918,68,180,48
144,4,5,62,0,2,1,360,3,1,360,82,180,62
145,0,20,78,16,2,1,1404108,3,1,6099030,476,720,62
146,1,20,78,31,2,1,29484,3,1,28674,424,720,47
147,2,20,78,31,2,1,95472,3,1,176634,482,720,47
148,3,20,79,31,2,1,69498,3,1,380970,418,720,48
149,0,5,63,0,3,1,648,3,1,1188,76,540,63
150,1,5,46,15,3,1,810,3,1,810,160,540,31
151,2,5,63,16,3,1,594,3,1,810,124,540,47
152,3,5,63,16,3,1,810,3,1,1458,166,540,47
153,4,5,62,15,3,1,324,3,1,594,92,540,47
154,0,20,78,32,3,1,726354,3,1,2924370,938,2160,46
155,1,20,78,31,3,1,727866,3,1,1213380,1006,2160,47
156,3,20,74,15,3,1,1102248,3,1,16689726,946,2160,59
157,0,5,47,0,5,1,972,3,1,7290,244,4860,47
158,1,5,62,16,5,1,360,3,1,954,70,4860,46
159,2,5,62,16,5,1,648,3,1,972,118,4860,46
160,3,5,47,0,5,1,972,3,1,1242,166,4860,47
161,4,5,47,15,5,1,378,3,1,378,94,4860,32
162,0,20,94,47,5,1,6343758,3,1,30230172,5378,19440,47
163,2,20,156,47,5,1,15478128,3,1,17064432,4448,19440,109
164,3,20,141,47,5,1,13553082,3,1,58898340,5164,19440,94
165,0,5,63,15,2,1,2176,4,1,2432,129,480,48
166,1,5,47,16,2,1,2048,4,1,3328,207,480,31
167,2,5,47,0,2,1,896,4,1,16704,118,480,47
168,3,5,63,15,2,1,768,4,1,1664,114,480,48
169,4,5,47,0,2,1,1088,4,1,6464,106,480,47
170,1,20,110,32,2,1,8372800,4,1,170435648,897,1920,78
171,4,20,78,31,2,1,3432960,4,1,9522688,813,1920,47
172,0,5,63,16,3,1,1280,4,1,1280,222,1920,47
173,1,5,62,0,3,1,2880,4,1,5184,154,1920,62
174,2,5,47,0,3,1,1856,4,1,4864,157,1920,47
175,3,5,47,15,3,1,1280,4,1,3968,106,1920,32
176,4,5,62,16,3,1,1024,4,1,5184,189,1920,46
177,0,20,156,31,3,1,16120320,4,1,65363456,1863,7680,125
178,2,20,125,31,3,1,11341056,4,1,68320256,2058,7680,94
179,3,20,94,15,3,1,5254912,4,1,305597440,1889,7680,79
180,4,20,109,15,3,1,7324928,4,1,35009024,2089,7680,94
181,0,5,62,16,5,1,1936,4,1,2240,141,30720,46
182,1,5,47,0,5,1,1280,4,1,6720,157,30720,47
183,2,5,47,15,5,1,5376,4,1,10240,373,30720,32
184,3,5,47,16,5,1,1216,4,1,1472,126,30720,31
185,4,5,47,15,5,1,768,4,1,1984,117,30720,32
186,0,20,4608,640,5,1,414422016,4,1,17671721984,21013,122880,3968
187,3,20,1328,281,5,1,201523200,4,1,792084480,20857,122880,1047
188,4,20,12497,1016,5,1,1874235392,4,1,17343451136,19210,122880,11481
189,0,5,63,16,2,2,384,2,1,1680,79,60,47
190,1,5,63,0,2,2,152,2,1,616,60,60,63
191,2,5,63,16,2,2,176,2,1,200,65,60,47
192,3,5,62,16,2,2,200,2,1,384,71,60,46
193,4,5,47,15,2,2,160,2,1,192,55,60,32
194,0,20,78,47,2,2,53656,2,1,102072,362,240,31
195,1,20,63,47,2,2,17392,2,1,39464,345,240,16
196,2,20,78,47,2,2,16928,2,1,163360,369,240,31
197,4,20,62,62,2,2,31232,2,1,108368,342,240,0
198,0,50,219,219,2,2,17020784,2,1,162366464,905,600,0
199,0,5,62,15,3,2,140,2,1,164,67,120,47
200,1,5,62,0,3,2,208,2,1,272,79,120,62
201,2,5,63,16,3,2,400,2,1,400,83,120,47
202,3,5,62,16,3,2,144,2,1,184,77,120,46
203,4,5,62,15,3,2,232,2,1,320,83,120,47
204,0,20,63,31,3,2,15328,2,1,35696,469,480,32
205,1,20,78,47,3,2,123488,2,1,862976,560,480,31
206,2,20,78,46,3,2,74144,2,1,153664,487,480,32
207,3,20,78,47,3,2,40880,2,1,143664,513,480,31
208,0,50,469,203,3,2,63857776,2,1,560028560,1431,1200,266
209,2,50,453,172,3,2,81345136,2,1,381893616,1367,1200,281
210,0,5,62,16,5,2,184,2,1,720,83,480,46
211,1,5,62,16,5,2,336,2,1,448,76,480,46
212,2,5,47,0,5,2,208,2,1,240,89,480,47
213,3,5,62,16,5,2,144,2,1,152,72,480,46
214,4,5,63,0,5,2,168,2,1,488,60,480,63
215,1,20,78,47,5,2,109952,2,1,403136,1046,1920,31
216,2,20,79,15,5,2,194368,2,1,481088,1249,1920,64
217,3,20,78,46,5,2,62528,2,1,134976,1109,1920,32
218,4,50,52104,2952,5,2,3450799424,2,1,7920279872,4034,4800,49152
219,0,5,62,16,2,2,3888,3,1,14580,160,270,46
220,1,5,62,16,2,2,594,3,1,702,134,270,46
221,2,5,62,0,2,2,3240,3,1,8100,182,270,62
222,3,5,62,16,2,2,2430,3,1,178848,310,270,46
223,4,5,62,0,2,2,702,3,1,756,142,270,62
224,2,20,94,31,2,2,4246614,3,1,179823024,842,1080,63
225,4,20,78,47,2,2,1298484,3,1,180300384,766,1080,31
226,0,5,63,16,3,2,1296,3,1,1620,136,810,47
227,1,5,47,0,3,2,1296,3,1,1458,202,810,47
228,2,5,63,16,3,2,2106,3,1,9396,170,810,47
229,3,5,63,16,3,2,1080,3,1,1350,238,810,47
230,4,5,62,16,3,2,1242,3,1,2538,212,810,46
231,0,20,94,47,3,2,3307230,3,1,17544600,1488,3240,47
232,3,20,78,31,3,2,1970568,3,1,75370662,1560,3240,47
233,4,20,78,47,3,2,3350970,3,1,64114578,1646,3240,31
234,0,5,63,16,5,2,1296,3,1,2106,232,7290,47
235,1,5,63,15,5,2,1782,3,1,75168,256,7290,48
236,2,5,62,15,5,2,5832,3,1,79218,346,7290,47
237,3,5,63,15,5,2,1080,3,1,2106,154,7290,48
238,4,5,62,16,5,2,1944,3,1,2430,322,7290,46
239,0,20,141,47,5,2,10056798,3,1,12348774,7202,29160,94
240,2,20,125,47,5,2,11461338,3,1,21053520,6872,29160,78
241,3,20,578,62,5,2,138897828,3,1,3389466546,8292,29160,516
242,4,20,422,94,5,2,84617946,3,1,177390486,8492,29160,328
243,0,5,63,15,2,2,10432,4,1,21056,341,720,48
244,1,5,63,16,2,2,1280,4,1,2432,173,720,47
245,2,5,63,0,2,2,3584,4,1,13568,202,720,63
246,3,5,63,0,2,2,2112,4,1,3776,233,720,63
247,4,5,63,0,2,2,1984,4,1,2688,254,720,63
248,0,20,78,47,2,2,1733248,4,1,115732864,1357,2880,31
249,1,20,78,47,2,2,160768,4,1,1065728,957,2880,31
250,2,20,156,47,2,2,24819520,4,1,1086215936,1505,2880,109
251,3,20,79,47,2,2,2453568,4,1,17529536,1250,2880,32
252,0,5,62,16,3,2,7744,4,1,16640,278,2880,46
253,1,5,63,15,3,2,4032,4,1,16448,293,2880,48
254,2,5,47,15,3,2,7936,4,1,59392,350,2880,32
255,3,5,63,0,3,2,9472,4,1,20480,422,2880,63
256,4,5,63,16,3,2,3584,4,1,6144,422,2880,47
257,0,5,63,16,5,2,19264,4,1,53504,337,46080,47
258,1,5,47,0,5,2,20224,4,1,220160,598,46080,47
259,2,5,47,0,5,2,9856,4,1,22656,389,46080,47
260,3,5,47,15,5,2,7296,4,1,13312,442,46080,32
261,4,5,47,16,5,2,24832,4,1,205056,469,46080,31
262,3,20,3718,546,5,2,660611072,4,1,14855053312,40109,184320,3172
263,0,5,62,15,2,3,296,2,1,432,92,80,47
264,1,5,62,15,2,3,224,2,1,1832,93,80,47
265,2,5,62,16,2,3,408,2,1,496,83,80,46
266,3,5,63,16,2,3,400,2,1,2816,115,80,47
267,4,5,62,16,2,3,416,2,1,2432,95,80,46
268,1,20,78,63,2,3,25208,2,1,120784,470,320,15
269,4,20,78,47,2,3,111656,2,1,9781304,490,320,31
270,0,5,63,16,3,3,528,2,1,976,111,160,47
271,1,5,63,16,3,3,552,2,1,1440,99,160,47
272,2,5,63,16,3,3,296,2,1,552,105,160,47
273,3,5,47,0,3,3,264,2,1,360,109,160,47
274,4,5,62,15,3,3,592,2,1,2112,110,160,47
275,2,20,79,47,3,3,90912,2,1,390224,745,640,32
276,0,5,47,0,5,3,624,2,1,4416,151,640,47
277,1,5,78,16,5,3,416,2,1,640,81,640,62
278,2,5,62,15,5,3,400,2,1,416,141,640,47
279,3,5,62,15,5,3,688,2,1,1056,117,640,47
280,4,5,47,15,5,3,528,2,1,592,110,640,32
281,0,20,78,47,5,3,240384,2,1,442688,1439,2560,31
282,1,20,79,47,5,3,249024,2,1,501184,1912,2560,32
283,2,20,78,31,5,3,344128,2,1,4056960,1812,2560,47
284,4,20,78,31,5,3,208064,2,1,458176,1723,2560,47
285,0,5,62,15,2,3,756,3,1,1998,154,360,47
286,1,5,46,16,2,3,1242,3,1,4158,208,360,30
287,2,5,62,16,2,3,810,3,1,972,170,360,46
288,3,5,47,0,2,3,4860,3,1,4050,374,360,47
289,4,5,62,15,2,3,1944,3,1,29160,196,360,47
290,1,20,1406,62,2,3,456463188,3,1,157465431756,1224,1440,1344
291,2,20,94,46,2,3,8540586,3,1,20920464,1002,1440,48
292,3,20,516,47,2,3,149648634,3,1,4835539620,1310,1440,469
293,0,5,63,16,3,3,1134,3,1,4482,278,1080,47
294,1,5,47,16,3,3,2430,3,1,9558,296,1080,31
295,2,5,46,16,3,3,1566,3,1,5454,202,1080,30
296,3,5,62,15,3,3,1620,3,1,2268,242,1080,47
297,4,5,62,0,3,3,1242,3,1,1728,188,1080,62
298,3,20,78,78,3,3,572670,3,1,1024812,1742,4320,0
299,4,20,78,47,3,3,1188756,3,1,3452058,1952,4320,31
300,0,5,62,15,5,3,2106,3,1,20412,296,9720,47
301,1,5,63,31,5,3,4860,3,1,5184,362,9720,32
302,2,5,62,16,5,3,1458,3,1,4536,478,9720,46
303,3,5,62,15,5,3,4374,3,1,835434,1160,9720,47
304,4,5,47,15,5,3,1296,3,1,1296,216,9720,32
305,0,20,421,62,5,3,51754626,3,1,470575332,10618,38880,359
306,1,20,359,47,5,3,66394404,3,1,2539958472,12800,38880,312
307,3,20,4015,156,5,3,996455520,3,1,60379790958,14290,38880,3859
308,4,20,109,47,5,3,8609490,3,1,1997944056,9516,38880,62
309,0,5,63,15,2,3,2048,4,1,8128,289,960,48
310,1,5,62,16,2,3,15040,4,1,18877120,793,960,46
311,2,5,62,15,2,3,9408,4,1,1314112,397,960,47
312,3,5,62,16,2,3,27904,4,1,102400,730,960,46
313,4,5,62,16,2,3,5632,4,1,33024,529,960,46
314,2,20,5593,47,2,3,1723992320,4,1,11710112512,1954,3840,5546
315,0,5,62,16,3,3,6720,4,1,248896,565,3840,46
316,1,5,62,15,3,3,7168,4,1,17408,709,3840,47
317,2,5,47,16,3,3,4992,4,1,67712,511,3840,31
318,3,5,62,16,3,3,20992,4,1,397568,745,3840,46
319,4,5,62,16,3,3,12288,4,1,75776,829,3840,46
320,1,20,109,62,3,3,8982272,4,1,1353416448,4777,15360,47
321,4,20,95836,94,3,3,3844420096,4,1,965329891840,5698,15360,95742
322,0,5,47,16,5,3,151296,4,1,268444416,5530,61440,31
323,1,5,63,16,5,3,3584,4,1,5056,370,61440,47
324,2,5,62,16,5,3,5568,4,1,9024,385,61440,46
325,3,5,47,16,5,3,4032,4,1,77056,541,61440,31
326,4,5,62,0,5,3,6912,4,1,84224,382,61440,62
327,0,20,308723,893275,5,3,3488298240,4,1,13980857600,36982,245760,-584552
328,0,5,62,16,2,1,272,2,2,1264,69,60,46
329,1,5,63,16,2,1,184,2,2,192,58,60,47
330,2,5,62,16,2,1,304,2,2,720,79,60,46
331,3,5,62,15,2,1,320,2,2,336,70,60,47
332,4,5,78,16,2,1,216,2,2,336,74,60,62
333,0,20,94,47,2,1,10288,2,2,27368,328,240,47
334,2,50,4639,250,2,1,1318162352,2,2,949363776,934,600,4389
335,0,5,63,31,3,1,200,2,2,672,73,120,32
336,1,5,78,16,3,1,224,2,2,344,74,120,62
337,2,5,63,16,3,1,216,2,2,408,80,120,47
338,3,5,78,16,3,1,288,2,2,416,70,120,62
339,4,5,62,16,3,1,208,2,2,464,81,120,46
340,0,20,109,32,3,1,53952,2,2,138144,481,480,77
341,2,20,94,31,3,1,50320,2,2,342480,523,480,63
342,4,20,93,31,3,1,74576,2,2,222576,505,480,62
343,0,5,63,16,5,1,200,2,2,216,81,480,47
344,1,5,63,16,5,1,216,2,2,440,82,480,47
345,2,5,78,15,5,1,224,2,2,280,78,480,63
346,3,5,63,16,5,1,168,2,2,168,85,480,47
347,4,5,62,15,5,1,240,2,2,352,85,480,47
348,0,20,94,15,5,1,241920,2,2,1985408,1179,1920,79
349,3,20,78,47,5,1,171008,2,2,475904,1283,1920,31
350,0,5,63,16,2,1,1188,3,2,9504,142,270,47
351,1,5,63,16,2,1,1296,3,2,7506,140,270,47
352,2,5,78,15,2,1,756,3,2,1566,122,270,63
353,3,5,63,15,2,1,1188,3,2,3240,130,270,48
354,4,5,62,16,2,1,1080,3,2,2754,124,270,46
355,0,20,78,31,2,1,259416,3,2,3826008,748,1080,47
356,0,5,62,15,3,1,1458,3,2,4698,182,810,47
357,1,5,63,16,3,1,540,3,2,1296,110,810,47
358,2,5,62,0,3,1,1404,3,2,2700,208,810,62
359,3,5,63,16,3,1,972,3,2,28350,166,810,47
360,4,5,63,16,3,1,2268,3,2,3402,182,810,47
361,1,20,94,31,3,1,2339604,3,2,8147790,1454,3240,63
362,2,20,125,47,3,1,4636278,3,2,9837612,1358,3240,78
363,3,20,109,32,3,1,2897046,3,2,17261748,1636,3240,77
364,0,5,63,0,5,1,972,3,2,1458,248,7290,63
365,1,5,62,16,5,1,1998,3,2,9018,236,7290,46
366,2,5,63,16,5,1,2052,3,2,8100,242,7290,47
367,3,5,62,16,5,1,702,3,2,7290,136,7290,46
368,4,5,62,15,5,1,1350,3,2,2376,142,7290,47
369,0,20,235,78,5,1,24732864,3,2,259199676,7526,29160,157
370,1,20,234,78,5,1,40105206,3,2,161969220,8552,29160,156
371,4,20,344,47,5,1,45547920,3,2,1525814496,7610,29160,297
372,0,5,63,16,2,1,3968,4,2,17280,261,720,47
373,1,5,63,16,2,1,3520,4,2,6272,221,720,47
374,2,5,62,16,2,1,5248,4,2,16000,278,720,46
375,3,5,63,16,2,1,4032,4,2,24640,281,720,47
376,4,5,63,31,2,1,928,4,2,2144,145,720,32
377,3,20,2922,47,2,1,829942400,4,2,345330054272,1470,2880,2875
378,4,20,515,47,2,1,121039552,4,2,4709141760,1486,2880,468
379,0,5,62,16,3,1,3456,4,2,12864,309,2880,46
380,1,5,62,16,3,1,4480,4,2,12032,394,2880,46
381,2,5,62,15,3,1,1856,4,2,8064,273,2880,47
382,3,5,62,15,3,1,7296,4,2,56576,417,2880,47
383,4,5,62,16,3,1,3904,4,2,7680,429,2880,46
384,3,20,296,47,3,1,53131776,4,2,1387458048,3681,11520,249
385,4,20,296,31,3,1,63316736,4,2,520598272,3605,11520,265
386,0,5,62,15,5,1,1088,4,2,10048,229,46080,47
387,1,5,62,15,5,1,3072,4,2,53248,377,46080,47
388,2,5,62,15,5,1,5632,4,2,7936,369,46080,47
389,3,5,63,16,5,1,4736,4,2,16384,429,46080,47
390,4,5,63,16,5,1,4864,4,2,67456,245,46080,47
391,0,20,2577,1453,5,1,477565952,4,2,10274493440,29397,184320,1124
392,1,20,4515,297,5,1,391706624,4,2,1896002560,27369,184320,4218
393,2,20,10170,312,5,1,1189428224,4,2,5331549184,28737,184320,9858
394,3,20,6842,2203,5,1,1265541120,4,2,5887893504,36549,184320,4639
395,0,5,63,15,2,2,360,2,2,640,117,100,48
396,1,5,78,15,2,2,368,2,2,944,121,100,63
397,2,5,62,16,2,2,560,2,2,3456,127,100,46
398,3,5,63,16,2,2,608,2,2,1056,119,100,47
399,4,5,62,16,2,2,368,2,2,528,128,100,46
400,1,20,110,94,2,2,277024,2,2,15824384,618,400,16
401,3,20,78,109,2,2,397568,2,2,289632,585,400,-31
402,0,5,78,15,3,2,656,2,2,5584,136,200,63
403,1,5,63,16,3,2,512,2,2,1024,139,200,47
404,2,5,63,16,3,2,720,2,2,1632,118,200,47
405,3,5,62,16,3,2,384,2,2,496,132,200,46
406,4,5,62,15,3,2,320,2,2,24832,139,200,47
407,3,20,109,62,3,2,496000,2,2,17324416,929,800,47
408,0,50,59027,768,3,2,3452209200,2,2,34644586416,2386,2000,58259
409,0,5,62,15,5,2,704,2,2,2112,143,800,47
410,1,5,78,31,5,2,496,2,2,2336,127,800,47
411,2,5,63,31,5,2,624,2,2,2528,141,800,32
412,3,5,63,16,5,2,640,2,2,1728,129,800,47
413,4,5,63,15,5,2,384,2,2,432,129,800,48
414,0,20,93,47,5,2,262080,2,2,685760,2117,3200,46
415,1,20,109,62,5,2,598720,2,2,3411648,2200,3200,47
416,2,20,110,47,5,2,349632,2,2,2039744,2193,3200,63
417,4,20,94,47,5,2,1336768,2,2,4417408,2225,3200,47
418,0,5,62,16,2,2,4266,3,2,38826,280,450,46
419,1,5,62,15,2,2,3402,3,2,28998,300,450,47
420,2,5,62,16,2,2,2592,3,2,1064988,404,450,46
421,3,5,62,15,2,2,2214,3,2,13230,274,450,47
422,4,5,62,16,2,2,3672,3,2,119826,284,450,46
423,0,20,968,94,2,2,275671998,3,2,941225184,1358,1800,874
424,3,20,125,110,2,2,5546340,3,2,533551158,1286,1800,15
425,0,5,63,15,3,2,3942,3,2,891324,400,1350,48
426,1,5,62,16,3,2,2106,3,2,9018,274,1350,46
427,2,5,62,16,3,2,14148,3,2,295326,628,1350,46
428,3,5,62,15,3,2,2646,3,2,53514,274,1350,47
429,4,5,62,16,3,2,7776,3,2,257094,388,1350,46
430,1,20,203,62,3,2,32804352,3,2,107622594,3010,5400,141
431,2,20,109,78,3,2,7156998,3,2,52665714,2584,5400,31
432,3,20,297,62,3,2,69077448,3,2,42075669996,3116,5400,235
433,0,5,62,16,5,2,4644,3,2,33804,558,12150,46
434,1,5,78,15,5,2,2376,3,2,20844,454,12150,63
435,2,5,63,15,5,2,4644,3,2,120690,454,12150,48
436,3,5,62,16,5,2,3294,3,2,6804,520,12150,46
437,4,5,62,15,5,2,2646,3,2,9666,454,12150,47
438,2,20,250,125,5,2,30289950,3,2,292135086,10436,48600,125
439,3,20,360,63,5,2,57792204,3,2,5990279022,10994,48600,297
440,0,5,63,16,2,2,11008,4,2,343808,641,1200,47
441,1,5,78,16,2,2,3392,4,2,9728,441,1200,62
442,2,5,62,31,2,2,16768,4,2,990848,782,1200,31
443,3,5,62,16,2,2,14208,4,2,5410560,1029,1200,46
444,4,5,63,32,2,2,3904,4,2,9344,357,1200,31
445,4,20,203,109,2,2,36088064,4,2,1752873216,2665,4800,94
446,0,5,62,47,3,2,129024,4,2,12820480,17709,4800,15
447,1,5,63,16,3,2,89728,4,2,21240768,2670,4800,47
448,2,5,62,31,3,2,8192,4,2,91904,809,4800,31
449,3,5,63,31,3,2,7680,4,2,334976,713,4800,32
450,4,5,63,15,3,2,133760,4,2,156288,4297,4800,48
451,2,20,8029,63,3,2,2048587008,4,2,5773514788096,7601,19200,7966
452,3,20,968,93,3,2,296074752,4,2,2359446016,6441,19200,875
453,0,5,62,16,5,2,46208,4,2,324416,1854,76800,46
454,1,5,63,16,5,2,18688,4,2,1059328,581,76800,47
455,2,5,63,16,5,2,13312,4,2,368640,933,76800,47
456,3,5,62,31,5,2,11264,4,2,101632,1137,76800,31
457,4,5,63,16,5,2,22144,4,2,263424,1471,76800,47
458,2,20,8279,1000,5,2,804665600,4,2,1549334784,43610,307200,7279
459,3,20,12419,1125,5,2,1848449024,4,2,60748240896,40374,307200,11294
460,4,20,2031,297,5,2,381816832,4,2,3596505088,65481,307200,1734
461,0,5,63,15,2,3,1552,2,2,19104,191,140,48
462,1,5,63,15,2,3,1008,2,2,12896,200,140,48
463,2,5,78,31,2,3,904,2,2,10984,167,140,47
464,4,5,62,31,2,3,744,2,2,2232,146,140,31
465,1,20,125,156,2,3,314376,2,2,175452416,891,560,-31
466,3,20,94,156,2,3,974984,2,2,1624233928,860,560,-62
467,1,5,63,16,3,3,1600,2,2,6272,225,280,47
468,2,5,78,31,3,3,5168,2,2,203280,280,280,47
469,3,5,63,31,3,3,2640,2,2,167520,306,280,32
470,4,5,62,31,3,3,1312,2,2,8040,189,280,31
471,2,20,109,203,3,3,749632,2,2,47472768,1357,1120,-94
472,0,5,78,31,5,3,1984,2,2,29568,228,1120,47
473,1,5,62,31,5,3,2624,2,2,664336,505,1120,31
474,2,5,62,15,5,3,2256,2,2,119488,251,1120,47
475,3,5,63,16,5,3,640,2,2,7440,209,1120,47
476,4,5,62,16,5,3,2304,2,2,27584,256,1120,46
477,0,20,110,109,5,3,969536,2,2,18091008,3007,4480,1
478,1,20,109,94,5,3,283712,2,2,530176,2825,4480,15
479,3,20,110,94,5,3,440000,2,2,966592,2716,4480,16
480,0,5,62,16,2,3,6318,3,2,1359504,430,630,46
481,1,5,62,31,2,3,9396,3,2,1282392,358,630,31
482,2,5,63,15,2,3,325620,3,2,2754995490,1960,630,48
483,3,5,63,32,2,3,19926,3,2,10099296,1430,630,31
484,4,5,62,15,2,3,14256,3,2,10100214,664,630,47
485,3,20,391,141,2,3,87450030,3,2,119624861551410,2330,2520,250
486,0,5,63,31,3,3,5508,3,2,35964,602,1890,32
487,1,5,62,15,3,3,6642,3,2,123714,530,1890,47
488,2,5,62,31,3,3,12150,3,2,11164716,664,1890,31
489,3,5,63,47,3,3,11340,3,2,12759930,1468,1890,16
490,4,5,62,16,3,3,5022,3,2,140886,440,1890,46
491,2,20,172,141,3,3,21476988,3,2,83748168,3552,7560,31
492,4,20,328,141,3,3,69672960,3,2,139705487586,4510,7560,187
493,0,5,62,32,5,3,18630,3,2,427032,1070,17010,30
494,2,5,63,15,5,3,6156,3,2,160218,610,17010,48
495,3,5,62,16,5,3,2754,3,2,43902,332,17010,46
496,4,5,62,16,5,3,37422,3,2,1424628,2800,17010,46
497,0,20,406,94,5,3,63016218,3,2,269097228,19882,68040,312
498,3,20,3874,109,5,3,1000724544,3,2,3410367486300,22228,68040,3765
499,4,20,1640,125,5,3,272048220,3,2,411795261565290,23096,68040,1515
500,0,5,62,16,2,3,25152,4,2,536882176,1837,1680,46
501,1,5,63,32,2,3,63680,4,2,117971008,2662,1680,31
502,2,5,63,15,2,3,30400,4,2,357952,1558,1680,48
503,3,5,63,15,2,3,46976,4,2,10494016,2674,1680,48
504,4,5,63,32,2,3,74880,4,2,23865152,3442,1680,31
505,1,20,890,266,2,3,232499200,4,2,17747429632,4117,6720,624
506,0,5,62,31,3,3,82944,4,2,1375232,2821,6720,31
507,1,5,63,32,3,3,76736,4,2,155136,1561,6720,31
508,2,5,62,15,3,3,13760,4,2,1872064,1078,6720,47
509,3,5,62,32,3,3,818176,4,2,549760017664,4381,6720,30
510,4,5,79,16,3,3,69568,4,2,3170240,5809,6720,63
511,0,5,63,15,5,3,29376,4,2,381120,3271,107520,48
512,1,5,62,32,5,3,74688,4,2,1621236224,3025,107520,30
513,2,5,62,32,5,3,24192,4,2,7344896,1237,107520,30
514,3,5,62,31,5,3,123584,4,2,471871936,3478,107520,31
515,4,5,63,15,5,3,40896,4,2,670912,2050,107520,48
516,1,20,10310,344,5,3,1969266688,4,2,2204199317504,68989,430080,9966
517,0,5,62,15,2,1,368,2,3,1408,95,80,47
518,1,5,62,16,2,1,392,2,3,1256,91,80,46
519,2,5,62,31,2,1,312,2,3,512,93,80,31
520,3,5,63,16,2,1,376,2,3,8960,101,80,47
521,4,5,62,16,2,1,368,2,3,984,83,80,46
522,2,20,109,78,2,1,28328,2,3,115504,489,320,31
523,3,20,110,47,2,1,185720,2,3,17259288,498,320,63
524,4,20,110,62,2,1,326424,2,3,444808,469,320,48
525,0,5,78,15,3,1,312,2,3,520,107,160,63
526,1,5,62,15,3,1,424,2,3,1168,104,160,47
527,2,5,62,16,3,1,488,2,3,1272,99,160,46
528,3,5,63,15,3,1,384,2,3,768,106,160,48
529,4,5,62,16,3,1,440,2,3,1360,101,160,46
530,0,20,109,62,3,1,81704,2,3,851312,700,640,47
531,0,5,63,16,5,1,696,2,3,2184,146,640,47
532,1,5,62,16,5,1,416,2,3,768,93,640,46
533,2,5,78,32,5,1,304,2,3,1088,108,640,46
534,3,5,63,16,5,1,280,2,3,416,104,640,47
535,4,5,62,15,5,1,320,2,3,2296,93,640,47
536,0,20,109,47,5,1,289280,2,3,1749888,1631,2560,62
537,1,20,94,47,5,1,206976,2,3,582656,1470,2560,47
538,3,20,110,47,5,1,314240,2,3,1244800,1728,2560,63
539,0,5,62,15,2,1,6426,3,3,67878,310,360,47
540,1,5,63,16,2,1,1620,3,3,11880,244,360,47
541,2,5,78,15,2,1,1566,3,3,3942,220,360,63
542,3,5,81,16,2,1,1242,3,3,10044,196,360,65
543,4,5,62,31,2,1,1836,3,3,24030,232,360,31
544,0,20,141,63,2,1,2987658,3,3,23569596,1002,1440,78
545,1,20,125,78,2,1,1873638,3,3,291134682,1076,1440,47
546,4,20,141,63,2,1,6225444,3,3,66366324,992,1440,78
547,0,5,63,16,3,1,1890,3,3,9072,242,1080,47
548,1,5,63,15,3,1,1674,3,3,14580,248,1080,48
549,2,5,63,16,3,1,2214,3,3,100116,298,1080,47
550,3,5,78,16,3,1,2646,3,3,80406,188,1080,62
551,4,5,63,15,3,1,2754,3,3,7074,256,1080,48
552,1,20,125,63,3,1,6978312,3,3,63513234,2074,4320,62
553,2,20,141,63,3,1,12673098,3,3,333498708,2046,4320,78
554,0,5,63,15,5,1,2160,3,3,6804,334,9720,48
555,1,5,78,16,5,1,1242,3,3,1998,266,9720,62
556,2,5,63,15,5,1,2754,3,3,11826,250,9720,48
557,3,5,78,16,5,1,3186,3,3,11178,404,9720,62
558,4,5,78,16,5,1,1512,3,3,3672,206,9720,62
559,0,20,750,125,5,1,148972608,3,3,12198738996,10202,38880,625
560,1,20,296,62,5,1,36979254,3,3,157633128,10118,38880,234
561,3,20,360,62,5,1,59312898,3,3,931965264,11228,38880,298
562,4,20,218,78,5,1,21265416,3,3,211830390,9386,38880,140
563,0,5,63,15,2,1,6784,4,3,272512,370,960,48
564,1,5,63,31,2,1,4352,4,3,69376,346,960,32
565,2,5,62,31,2,1,31680,4,3,1060672,722,960,31
566,3,5,78,15,2,1,13696,4,3,73280,389,960,63
567,4,5,63,16,2,1,7232,4,3,462976,385,960,47
568,3,20,1235,62,2,1,363342848,4,3,30374176576,1961,3840,1173
569,0,5,78,16,3,1,10816,4,3,4205632,425,3840,62
570,1,5,78,15,3,1,5760,4,3,71424,369,3840,63
571,2,5,78,16,3,1,19968,4,3,265216,790,3840,62
572,3,5,63,15,3,1,16704,4,3,16960,1693,3840,48
573,4,5,62,15,3,1,3584,4,3,5632,425,3840,47
574,1,20,1187,47,3,1,353553152,4,3,217134501120,3809,15360,1140
575,3,20,5108,62,3,1,1304472832,4,3,277496300800,6849,15360,5046
576,4,20,640,78,3,1,146007040,4,3,86346778624,5370,15360,562
577,1,5,62,16,5,1,5504,4,3,22336,362,61440,46
578,2,5,78,16,5,1,8384,4,3,26368,530,61440,62
579,3,5,78,16,5,1,3648,4,3,27072,349,61440,62
580,4,5,63,15,5,1,17600,4,3,244736,1533,61440,48
581,2,20,4738,141,5,1,895205376,4,3,9463549952,44947,245760,4597
582,3,20,7686,203,5,1,772542464,4,3,16692441088,38102,245760,7483
583,4,20,9498,2437,5,1,1272291328,4,3,287194390528,41593,245760,7061
584,0,5,62,31,2,2,1856,2,3,131584,276,140,31
585,1,5,63,32,2,2,1632,2,3,57744,292,140,31
586,2,5,78,31,2,2,688,2,3,4488,176,140,47
587,3,5,62,15,2,2,1760,2,3,31232,207,140,47
588,4,5,63,16,2,2,1472,2,3,238000,235,140,47
589,0,20,125,156,2,2,4954048,2,3,6745682224,931,560,-31
590,3,20,125,187,2,2,1199952,2,3,8573888,865,560,-62
591,0,5,78,16,3,2,2192,2,3,110928,244,280,62
592,1,5,78,16,3,2,992,2,3,3280,220,280,62
593,3,5,63,15,3,2,1248,2,3,14592,203,280,48
594,4,5,63,31,3,2,880,2,3,9856,199,280,32
595,0,20,110,156,3,2,133920,2,3,1034752,1264,1120,-46
596,1,20,109,125,3,2,553120,2,3,40137504,1259,1120,-16
597,2,20,125,125,3,2,782240,2,3,5419985248,1256,1120,0
598,0,5,62,32,5,2,704,2,3,1536,193,1120,30
599,1,5,62,16,5,2,896,2,3,2400,219,1120,46
600,2,5,62,16,5,2,2784,2,3,10336,252,1120,46
601,3,5,62,16,5,2,1088,2,3,3488,223,1120,46
602,4,5,94,31,5,2,672,2,3,7528,184,1120,63
603,0,20,140,125,5,2,534464,2,3,8482752,2878,4480,15
604,1,20,109,62,5,2,1073088,2,3,20343104,3360,4480,47
605,2,20,126,94,5,2,892288,2,3,3440512,2790,4480,32
606,3,20,125,157,5,2,523136,2,3,3253344,2977,4480,-32
607,4,20,125,141,5,2,370432,2,3,1156736,2644,4480,-16
608,0,5,78,16,2,2,6912,3,3,3196800,556,630,62
609,1,5,63,16,2,2,12744,3,3,324108,926,630,47
610,2,5,63,16,2,2,3942,3,3,14364,398,630,47
611,3,5,63,31,2,2,5184,3,3,421686,742,630,32
612,4,5,62,32,2,2,5508,3,3,913464,460,630,30
613,4,20,8108,188,2,2,2393661024,3,3,472316754456,2302,2520,7920
614,0,5,63,31,3,2,10584,3,3,1125900,604,1890,32
615,1,5,63,16,3,2,7830,3,3,100563498,988,1890,47
616,2,5,62,32,3,2,12150,3,3,3898692,688,1890,30
617,3,5,78,15,3,2,6264,3,3,82620,478,1890,63
618,4,5,78,16,3,2,4698,3,3,83538,484,1890,62
619,1,20,328,156,3,2,71728254,3,3,43541271684,4610,7560,172
620,4,20,1063,125,3,2,309490632,3,3,471193259130,4280,7560,938
621,0,5,63,31,5,2,20304,3,3,2836998,1070,17010,32
622,1,5,78,32,5,2,33210,3,3,159354,1266,17010,46
623,2,5,62,31,5,2,6048,3,3,3604932,838,17010,31
624,3,5,63,32,5,2,7452,3,3,312660,1178,17010,31
625,4,5,63,31,5,2,3726,3,3,143478,460,17010,32
626,1,20,1687,203,5,2,404296110,3,3,13496601024,20270,68040,1484
627,2,20,610,140,5,2,122744646,3,3,5907955968,18162,68040,470
628,3,20,656,156,5,2,144439686,3,3,143577522,16564,68040,500
629,4,20,1500,109,5,2,229267584,3,3,1180670904,20480,68040,1391
630,0,5,78,47,2,2,241408,4,3,100930944,6486,1680,31
631,1,5,62,15,2,2,46720,4,3,109598848,2609,1680,47
632,2,5,78,31,2,2,28544,4,3,537011392,1149,1680,47
633,3,5,63,31,2,2,460032,4,3,7180661120,7501,1680,32
634,4,5,63,31,2,2,40192,4,3,469968896,1965,1680,32
635,1,20,437,203,2,2,111762560,4,3,17678152553856,3645,6720,234
636,0,5,79,32,3,2,92288,4,3,7516199296,2157,6720,47
637,1,5,62,16,3,2,31616,4,3,9442368,2149,6720,46
638,2,5,62,31,3,2,135168,4,3,335564288,6742,6720,31
639,4,5,62,16,3,2,51712,4,3,117450752,2118,6720,46
640,0,5,62,47,5,2,361472,4,3,1019254784,12869,107520,15
641,1,5,62,16,5,2,28672,4,3,138240,1169,107520,46
642,2,5,63,16,5,2,59904,4,3,402659072,3742,107520,47
643,3,5,63,16,5,2,78080,4,3,37755264,1933,107520,47
644,4,5,62,15,5,2,30208,4,3,101198080,2037,107520,47
645,0,5,78,16,2,3,3488,2,3,235912,319,200,62
646,1,5,63,47,2,3,5480,2,3,129528,413,200,16
647,2,5,63,31,2,3,1992,2,3,109032,335,200,32
648,3,5,78,32,2,3,2136,2,3,590424,381,200,46
649,4,5,63,47,2,3,4736,2,3,53704,677,200,16
650,2,20,250,500,2,3,41531088,2,3,347986529336,1350,800,-250
651,0,5,78,31,3,3,2168,2,3,305632,390,400,47
652,1,5,62,15,3,3,3888,2,3,1278464,484,400,47
653,2,5,63,32,3,3,3208,2,3,156032,366,400,31
654,3,5,78,32,3,3,13552,2,3,459808,1229,400,46
655,4,5,63,32,3,3,2784,2,3,28552,442,400,31
656,0,20,125,297,3,3,474112,2,3,119956192,1808,1600,-172
657,0,5,63,31,5,3,1816,2,3,25552,330,1600,32
658,1,5,78,16,5,3,2008,2,3,642488,351,1600,62
659,2,5,78,31,5,3,10136,2,3,331216,832,1600,47
660,3,5,78,31,5,3,2184,2,3,25464,345,1600,47
661,4,5,78,31,5,3,2464,2,3,591264,377,1600,47
662,0,20,125,219,5,3,749312,2,3,55375232,4231,6400,-94
663,3,20,125,141,5,3,2185216,2,3,576854400,4319,6400,-16
664,0,5,78,46,2,3,93798,3,3,9298983384,9196,900,32
665,1,5,62,31,2,3,173502,3,3,2715844302,2734,900,31
666,2,5,78,63,2,3,611874,3,3,860956074,19988,900,15
667,3,5,78,31,2,3,31104,3,3,345193255692,3184,900,47
668,4,5,62,32,2,3,22518,3,3,38326986,2006,900,30
669,0,5,62,46,3,3,349758,3,3,11622623256,11348,2700,16
670,1,5,63,31,3,3,140940,3,3,317273760,4084,2700,32
671,2,5,63,31,3,3,84564,3,3,3874391514,7018,2700,32
672,3,5,78,31,3,3,55242,3,3,455868,4860,2700,47
673,4,5,78,31,3,3,65286,3,3,431002242,3916,2700,47
674,0,20,1219,344,3,3,352969650,3,3,10648781939214,5522,10800,875
675,0,5,78,31,5,3,37908,3,3,149202,3790,24300,47
676,1,5,78,31,5,3,23004,3,3,927180,2410,24300,47
677,2,5,63,31,5,3,24138,3,3,1291522536,1204,24300,32
678,3,5,63,32,5,3,74844,3,3,157881906,5606,24300,31
679,4,5,78,32,5,3,74196,3,3,3922884,2690,24300,46
680,2,20,1124,297,5,3,213060456,3,3,37306868058,26906,97200,827
681,3,20,437,234,5,3,66184452,3,3,5753040552,24698,97200,203
682,0,5,79,47,2,3,206272,4,3,10745814976,9634,2400,32
683,1,5,94,312,2,3,1537600,4,3,2474169940992,147886,2400,-218
684,2,5,63,47,2,3,28752,4,3,485712,2479,2400,16
685,3,5,78,47,2,3,35216,4,3,438639136,2989,2400,31
686,4,5,94,109,2,3,1809344,4,3,23085598208,37438,2400,-15
687,0,5,472,46,3,3,116480,4,3,120338796672,4225,9600,426
688,1,5,78,31,3,3,293696,4,3,158376976064,7789,9600,47
689,2,5,79,171,3,3,983040,4,3,142807696384,71617,9600,-92
